,Molecule ID,Solvent-Combo,Method Name,Method Category,File Name,Predicted logD,Experimental logD,Absolute Error
0,SAMPL8-16,Cyclohexane-DMF,EC_RISM_logD,Physical (QM),logD-ECRISM-2,-0.67,-1.3,0.63
1,SAMPL8-6,Cyclohexane-DMF,EC_RISM_logD,Physical (QM),logD-ECRISM-2,-0.43,0.0,0.43
2,SAMPL8-1,Cyclohexane-DMF,EC_RISM_logD,Physical (QM),logD-ECRISM-2,0.37,-0.7,1.0699999999999998
3,SAMPL8-16,TBME-water,EC_RISM_logD,Physical (QM),logD-ECRISM-2,1.89,-1.2,3.09
4,SAMPL8-10,TBME-water,EC_RISM_logD,Physical (QM),logD-ECRISM-2,0.19,-0.9,1.09
5,SAMPL8-6,TBME-water,EC_RISM_logD,Physical (QM),logD-ECRISM-2,1.71,-0.2,1.91
6,SAMPL8-5,TBME-water,EC_RISM_logD,Physical (QM),logD-ECRISM-2,1.95,0.0,1.95
7,SAMPL8-1,TBME-water,EC_RISM_logD,Physical (QM),logD-ECRISM-2,2.46,0.1,2.36
8,SAMPL8-17,MEK-water,EC_RISM_logD,Physical (QM),logD-ECRISM-2,-3.09,-0.8,2.29
9,SAMPL8-16,MEK-water,EC_RISM_logD,Physical (QM),logD-ECRISM-2,0.99,-0.3,1.29
10,SAMPL8-14,MEK-water,EC_RISM_logD,Physical (QM),logD-ECRISM-2,-1.41,0.1,1.51
11,SAMPL8-12,MEK-water,EC_RISM_logD,Physical (QM),logD-ECRISM-2,-1.04,-0.4,0.64
12,SAMPL8-10,MEK-water,EC_RISM_logD,Physical (QM),logD-ECRISM-2,-1.02,0.0,1.02
13,SAMPL8-9,MEK-water,EC_RISM_logD,Physical (QM),logD-ECRISM-2,-1.28,0.4,1.6800000000000002
14,SAMPL8-7,MEK-water,EC_RISM_logD,Physical (QM),logD-ECRISM-2,-3.07,-0.4,2.67
15,SAMPL8-6,MEK-water,EC_RISM_logD,Physical (QM),logD-ECRISM-2,0.23,-0.5,0.73
16,SAMPL8-5,MEK-water,EC_RISM_logD,Physical (QM),logD-ECRISM-2,1.03,-0.4,1.4300000000000002
17,SAMPL8-3,MEK-water,EC_RISM_logD,Physical (QM),logD-ECRISM-2,-4.59,-0.6,3.9899999999999998
18,SAMPL8-1,MEK-water,EC_RISM_logD,Physical (QM),logD-ECRISM-2,1.6,-0.2,1.8
19,SAMPL8-10,Heptane-water,EC_RISM_logD,Physical (QM),logD-ECRISM-2,1.02,-1.0,2.02
20,SAMPL8-5,Heptane-water,EC_RISM_logD,Physical (QM),logD-ECRISM-2,1.87,-1.2,3.0700000000000003
21,SAMPL8-16,Heptane-water,EC_RISM_logD,Physical (QM),logD-ECRISM-2,3.1,-1.0,4.1
22,SAMPL8-1,Heptane-water,EC_RISM_logD,Physical (QM),logD-ECRISM-2,3.0,0.0,3.0
23,SAMPL8-16,Ethyl acetate-water,EC_RISM_logD,Physical (QM),logD-ECRISM-2,3.34,-0.5,3.84
24,SAMPL8-14,Ethyl acetate-water,EC_RISM_logD,Physical (QM),logD-ECRISM-2,1.04,-0.8,1.84
25,SAMPL8-12,Ethyl acetate-water,EC_RISM_logD,Physical (QM),logD-ECRISM-2,1.45,-1.4,2.8499999999999996
26,SAMPL8-10,Ethyl acetate-water,EC_RISM_logD,Physical (QM),logD-ECRISM-2,1.95,0.1,1.8499999999999999
27,SAMPL8-9,Ethyl acetate-water,EC_RISM_logD,Physical (QM),logD-ECRISM-2,3.34,-0.8,4.14
28,SAMPL8-6,Ethyl acetate-water,EC_RISM_logD,Physical (QM),logD-ECRISM-2,2.92,-0.1,3.02
29,SAMPL8-5,Ethyl acetate-water,EC_RISM_logD,Physical (QM),logD-ECRISM-2,2.89,0.1,2.79
30,SAMPL8-3,Ethyl acetate-water,EC_RISM_logD,Physical (QM),logD-ECRISM-2,0.83,-0.8,1.63
31,SAMPL8-17,Ethyl acetate-water,EC_RISM_logD,Physical (QM),logD-ECRISM-2,1.08,-1.4,2.48
32,SAMPL8-1,Ethyl acetate-water,EC_RISM_logD,Physical (QM),logD-ECRISM-2,3.41,0.3,3.1100000000000003
33,SAMPL8-5,Cyclohexane-water,EC_RISM_logD,Physical (QM),logD-ECRISM-2,-0.68,-1.1,0.42000000000000004
34,SAMPL8-16,Octanol-water,EC_RISM_logD,Physical (QM),logD-ECRISM-2,2.09,-0.4,2.4899999999999998
35,SAMPL8-14,Octanol-water,EC_RISM_logD,Physical (QM),logD-ECRISM-2,-0.42,-1.0,0.5800000000000001
36,SAMPL8-12,Octanol-water,EC_RISM_logD,Physical (QM),logD-ECRISM-2,0.57,-0.7,1.27
37,SAMPL8-10,Octanol-water,EC_RISM_logD,Physical (QM),logD-ECRISM-2,0.49,-0.6,1.0899999999999999
38,SAMPL8-9,Octanol-water,EC_RISM_logD,Physical (QM),logD-ECRISM-2,-0.4,-0.1,0.30000000000000004
39,SAMPL8-7,Octanol-water,EC_RISM_logD,Physical (QM),logD-ECRISM-2,-0.49,-1.3,0.81
40,SAMPL8-6,Octanol-water,EC_RISM_logD,Physical (QM),logD-ECRISM-2,0.72,-0.4,1.12
41,SAMPL8-5,Octanol-water,EC_RISM_logD,Physical (QM),logD-ECRISM-2,1.3,-0.5,1.8
42,SAMPL8-1,Octanol-water,EC_RISM_logD,Physical (QM),logD-ECRISM-2,1.29,0.8,0.49
43,SAMPL8-16,Cyclohexane-DMF,EC_RISM_logP,Physical (QM),logD-ECRISM-3,0.4,-1.3,1.7000000000000002
44,SAMPL8-6,Cyclohexane-DMF,EC_RISM_logP,Physical (QM),logD-ECRISM-3,2.79,0.0,2.79
45,SAMPL8-1,Cyclohexane-DMF,EC_RISM_logP,Physical (QM),logD-ECRISM-3,3.56,-0.7,4.26
46,SAMPL8-16,TBME-water,EC_RISM_logP,Physical (QM),logD-ECRISM-3,2.96,-1.2,4.16
47,SAMPL8-10,TBME-water,EC_RISM_logP,Physical (QM),logD-ECRISM-3,4.43,-0.9,5.33
48,SAMPL8-6,TBME-water,EC_RISM_logP,Physical (QM),logD-ECRISM-3,4.92,-0.2,5.12
49,SAMPL8-5,TBME-water,EC_RISM_logP,Physical (QM),logD-ECRISM-3,4.88,0.0,4.88
50,SAMPL8-1,TBME-water,EC_RISM_logP,Physical (QM),logD-ECRISM-3,5.65,0.1,5.550000000000001
51,SAMPL8-17,MEK-water,EC_RISM_logP,Physical (QM),logD-ECRISM-3,-1.27,-0.8,0.47
52,SAMPL8-16,MEK-water,EC_RISM_logP,Physical (QM),logD-ECRISM-3,2.06,-0.3,2.36
53,SAMPL8-14,MEK-water,EC_RISM_logP,Physical (QM),logD-ECRISM-3,0.96,0.1,0.86
54,SAMPL8-12,MEK-water,EC_RISM_logP,Physical (QM),logD-ECRISM-3,0.88,-0.4,1.28
55,SAMPL8-10,MEK-water,EC_RISM_logP,Physical (QM),logD-ECRISM-3,3.21,0.0,3.21
56,SAMPL8-9,MEK-water,EC_RISM_logP,Physical (QM),logD-ECRISM-3,1.4,0.4,0.9999999999999999
57,SAMPL8-7,MEK-water,EC_RISM_logP,Physical (QM),logD-ECRISM-3,-1.87,-0.4,1.4700000000000002
58,SAMPL8-6,MEK-water,EC_RISM_logP,Physical (QM),logD-ECRISM-3,3.45,-0.5,3.95
59,SAMPL8-5,MEK-water,EC_RISM_logP,Physical (QM),logD-ECRISM-3,3.96,-0.4,4.36
60,SAMPL8-3,MEK-water,EC_RISM_logP,Physical (QM),logD-ECRISM-3,-0.9,-0.6,0.30000000000000004
61,SAMPL8-1,MEK-water,EC_RISM_logP,Physical (QM),logD-ECRISM-3,4.8,-0.2,5.0
62,SAMPL8-10,Heptane-water,EC_RISM_logP,Physical (QM),logD-ECRISM-3,5.26,-1.0,6.26
63,SAMPL8-5,Heptane-water,EC_RISM_logP,Physical (QM),logD-ECRISM-3,4.8,-1.2,6.0
64,SAMPL8-16,Heptane-water,EC_RISM_logP,Physical (QM),logD-ECRISM-3,4.16,-1.0,5.16
65,SAMPL8-1,Heptane-water,EC_RISM_logP,Physical (QM),logD-ECRISM-3,6.2,0.0,6.2
66,SAMPL8-16,Ethyl acetate-water,EC_RISM_logP,Physical (QM),logD-ECRISM-3,4.41,-0.5,4.91
67,SAMPL8-14,Ethyl acetate-water,EC_RISM_logP,Physical (QM),logD-ECRISM-3,3.41,-0.8,4.21
68,SAMPL8-12,Ethyl acetate-water,EC_RISM_logP,Physical (QM),logD-ECRISM-3,3.37,-1.4,4.77
69,SAMPL8-10,Ethyl acetate-water,EC_RISM_logP,Physical (QM),logD-ECRISM-3,6.19,0.1,6.090000000000001
70,SAMPL8-9,Ethyl acetate-water,EC_RISM_logP,Physical (QM),logD-ECRISM-3,6.02,-0.8,6.819999999999999
71,SAMPL8-6,Ethyl acetate-water,EC_RISM_logP,Physical (QM),logD-ECRISM-3,6.14,-0.1,6.239999999999999
72,SAMPL8-5,Ethyl acetate-water,EC_RISM_logP,Physical (QM),logD-ECRISM-3,5.82,0.1,5.720000000000001
73,SAMPL8-3,Ethyl acetate-water,EC_RISM_logP,Physical (QM),logD-ECRISM-3,4.52,-0.8,5.319999999999999
74,SAMPL8-17,Ethyl acetate-water,EC_RISM_logP,Physical (QM),logD-ECRISM-3,2.91,-1.4,4.3100000000000005
75,SAMPL8-1,Ethyl acetate-water,EC_RISM_logP,Physical (QM),logD-ECRISM-3,6.61,0.3,6.3100000000000005
76,SAMPL8-5,Cyclohexane-water,EC_RISM_logP,Physical (QM),logD-ECRISM-3,2.25,-1.1,3.35
77,SAMPL8-16,Octanol-water,EC_RISM_logP,Physical (QM),logD-ECRISM-3,3.16,-0.4,3.56
78,SAMPL8-14,Octanol-water,EC_RISM_logP,Physical (QM),logD-ECRISM-3,1.95,-1.0,2.95
79,SAMPL8-12,Octanol-water,EC_RISM_logP,Physical (QM),logD-ECRISM-3,2.49,-0.7,3.1900000000000004
80,SAMPL8-10,Octanol-water,EC_RISM_logP,Physical (QM),logD-ECRISM-3,4.73,-0.6,5.33
81,SAMPL8-9,Octanol-water,EC_RISM_logP,Physical (QM),logD-ECRISM-3,2.28,-0.1,2.38
82,SAMPL8-7,Octanol-water,EC_RISM_logP,Physical (QM),logD-ECRISM-3,0.71,-1.3,2.01
83,SAMPL8-6,Octanol-water,EC_RISM_logP,Physical (QM),logD-ECRISM-3,3.94,-0.4,4.34
84,SAMPL8-5,Octanol-water,EC_RISM_logP,Physical (QM),logD-ECRISM-3,4.22,-0.5,4.72
85,SAMPL8-1,Octanol-water,EC_RISM_logP,Physical (QM),logD-ECRISM-3,4.49,0.8,3.6900000000000004
86,SAMPL8-16,Cyclohexane-DMF,EC_RISM_logDexp,Physical (QM),logD-ECRISM-1,-1.7,-1.3,0.3999999999999999
87,SAMPL8-6,Cyclohexane-DMF,EC_RISM_logDexp,Physical (QM),logD-ECRISM-1,-1.04,0.0,1.04
88,SAMPL8-1,Cyclohexane-DMF,EC_RISM_logDexp,Physical (QM),logD-ECRISM-1,0.57,-0.7,1.27
89,SAMPL8-16,TBME-water,EC_RISM_logDexp,Physical (QM),logD-ECRISM-1,0.86,-1.2,2.06
90,SAMPL8-10,TBME-water,EC_RISM_logDexp,Physical (QM),logD-ECRISM-1,-0.28,-0.9,0.62
91,SAMPL8-6,TBME-water,EC_RISM_logDexp,Physical (QM),logD-ECRISM-1,1.09,-0.2,1.29
92,SAMPL8-5,TBME-water,EC_RISM_logDexp,Physical (QM),logD-ECRISM-1,0.8,0.0,0.8
93,SAMPL8-1,TBME-water,EC_RISM_logDexp,Physical (QM),logD-ECRISM-1,2.66,0.1,2.56
94,SAMPL8-17,MEK-water,EC_RISM_logDexp,Physical (QM),logD-ECRISM-1,-4.85,-0.8,4.05
95,SAMPL8-16,MEK-water,EC_RISM_logDexp,Physical (QM),logD-ECRISM-1,-0.04,-0.3,0.26
96,SAMPL8-14,MEK-water,EC_RISM_logDexp,Physical (QM),logD-ECRISM-1,-3.31,0.1,3.41
97,SAMPL8-12,MEK-water,EC_RISM_logDexp,Physical (QM),logD-ECRISM-1,-3.1,-0.4,2.7
98,SAMPL8-10,MEK-water,EC_RISM_logDexp,Physical (QM),logD-ECRISM-1,-1.5,0.0,1.5
99,SAMPL8-9,MEK-water,EC_RISM_logDexp,Physical (QM),logD-ECRISM-1,-1.68,0.4,2.08
100,SAMPL8-7,MEK-water,EC_RISM_logDexp,Physical (QM),logD-ECRISM-1,-5.5,-0.4,5.1
101,SAMPL8-6,MEK-water,EC_RISM_logDexp,Physical (QM),logD-ECRISM-1,-0.38,-0.5,0.12
102,SAMPL8-5,MEK-water,EC_RISM_logDexp,Physical (QM),logD-ECRISM-1,-0.12,-0.4,0.28
103,SAMPL8-3,MEK-water,EC_RISM_logDexp,Physical (QM),logD-ECRISM-1,-4.9,-0.6,4.300000000000001
104,SAMPL8-1,MEK-water,EC_RISM_logDexp,Physical (QM),logD-ECRISM-1,1.81,-0.2,2.0100000000000002
105,SAMPL8-10,Heptane-water,EC_RISM_logDexp,Physical (QM),logD-ECRISM-1,0.55,-1.0,1.55
106,SAMPL8-5,Heptane-water,EC_RISM_logDexp,Physical (QM),logD-ECRISM-1,0.72,-1.2,1.92
107,SAMPL8-16,Heptane-water,EC_RISM_logDexp,Physical (QM),logD-ECRISM-1,2.06,-1.0,3.06
108,SAMPL8-1,Heptane-water,EC_RISM_logDexp,Physical (QM),logD-ECRISM-1,3.21,0.0,3.21
109,SAMPL8-16,Ethyl acetate-water,EC_RISM_logDexp,Physical (QM),logD-ECRISM-1,2.3,-0.5,2.8
110,SAMPL8-14,Ethyl acetate-water,EC_RISM_logDexp,Physical (QM),logD-ECRISM-1,-0.86,-0.8,0.05999999999999994
111,SAMPL8-12,Ethyl acetate-water,EC_RISM_logDexp,Physical (QM),logD-ECRISM-1,-0.61,-1.4,0.7899999999999999
112,SAMPL8-10,Ethyl acetate-water,EC_RISM_logDexp,Physical (QM),logD-ECRISM-1,1.48,0.1,1.38
113,SAMPL8-9,Ethyl acetate-water,EC_RISM_logDexp,Physical (QM),logD-ECRISM-1,2.94,-0.8,3.74
114,SAMPL8-6,Ethyl acetate-water,EC_RISM_logDexp,Physical (QM),logD-ECRISM-1,2.31,-0.1,2.41
115,SAMPL8-5,Ethyl acetate-water,EC_RISM_logDexp,Physical (QM),logD-ECRISM-1,1.74,0.1,1.64
116,SAMPL8-3,Ethyl acetate-water,EC_RISM_logDexp,Physical (QM),logD-ECRISM-1,0.52,-0.8,1.32
117,SAMPL8-17,Ethyl acetate-water,EC_RISM_logDexp,Physical (QM),logD-ECRISM-1,-0.67,-1.4,0.7299999999999999
118,SAMPL8-1,Ethyl acetate-water,EC_RISM_logDexp,Physical (QM),logD-ECRISM-1,3.62,0.3,3.3200000000000003
119,SAMPL8-5,Cyclohexane-water,EC_RISM_logDexp,Physical (QM),logD-ECRISM-1,-1.83,-1.1,0.73
120,SAMPL8-16,Octanol-water,EC_RISM_logDexp,Physical (QM),logD-ECRISM-1,1.05,-0.4,1.4500000000000002
121,SAMPL8-14,Octanol-water,EC_RISM_logDexp,Physical (QM),logD-ECRISM-1,-2.32,-1.0,1.3199999999999998
122,SAMPL8-12,Octanol-water,EC_RISM_logDexp,Physical (QM),logD-ECRISM-1,-1.49,-0.7,0.79
123,SAMPL8-10,Octanol-water,EC_RISM_logDexp,Physical (QM),logD-ECRISM-1,0.02,-0.6,0.62
124,SAMPL8-9,Octanol-water,EC_RISM_logDexp,Physical (QM),logD-ECRISM-1,-0.8,-0.1,0.7000000000000001
125,SAMPL8-7,Octanol-water,EC_RISM_logDexp,Physical (QM),logD-ECRISM-1,-2.92,-1.3,1.6199999999999999
126,SAMPL8-6,Octanol-water,EC_RISM_logDexp,Physical (QM),logD-ECRISM-1,0.11,-0.4,0.51
127,SAMPL8-5,Octanol-water,EC_RISM_logDexp,Physical (QM),logD-ECRISM-1,0.14,-0.5,0.64
128,SAMPL8-1,Octanol-water,EC_RISM_logDexp,Physical (QM),logD-ECRISM-1,1.5,0.8,0.7
129,SAMPL8-16,Cyclohexane-DMF,COSMO-RS,Physical (QM),logD-3DS-1,-2.57,-1.3,1.2699999999999998
130,SAMPL8-6,Cyclohexane-DMF,COSMO-RS,Physical (QM),logD-3DS-1,-3.21,0.0,3.21
131,SAMPL8-1,Cyclohexane-DMF,COSMO-RS,Physical (QM),logD-3DS-1,-1.52,-0.7,0.8200000000000001
132,SAMPL8-16,TBME-water,COSMO-RS,Physical (QM),logD-3DS-1,0.41,-1.2,1.6099999999999999
133,SAMPL8-10,TBME-water,COSMO-RS,Physical (QM),logD-3DS-1,-0.52,-0.9,0.38
134,SAMPL8-6,TBME-water,COSMO-RS,Physical (QM),logD-3DS-1,0.8,-0.2,1.0
135,SAMPL8-5,TBME-water,COSMO-RS,Physical (QM),logD-3DS-1,1.83,0.0,1.83
136,SAMPL8-1,TBME-water,COSMO-RS,Physical (QM),logD-3DS-1,3.39,0.1,3.29
137,SAMPL8-17,MEK-water,COSMO-RS,Physical (QM),logD-3DS-1,-2.27,-0.8,1.47
138,SAMPL8-16,MEK-water,COSMO-RS,Physical (QM),logD-3DS-1,-0.08,-0.3,0.21999999999999997
139,SAMPL8-14,MEK-water,COSMO-RS,Physical (QM),logD-3DS-1,-2.29,0.1,2.39
140,SAMPL8-12,MEK-water,COSMO-RS,Physical (QM),logD-3DS-1,-2.26,-0.4,1.8599999999999999
141,SAMPL8-10,MEK-water,COSMO-RS,Physical (QM),logD-3DS-1,-1.5,0.0,1.5
142,SAMPL8-9,MEK-water,COSMO-RS,Physical (QM),logD-3DS-1,-0.78,0.4,1.1800000000000002
143,SAMPL8-7,MEK-water,COSMO-RS,Physical (QM),logD-3DS-1,-2.58,-0.4,2.18
144,SAMPL8-6,MEK-water,COSMO-RS,Physical (QM),logD-3DS-1,-0.45,-0.5,0.04999999999999999
145,SAMPL8-5,MEK-water,COSMO-RS,Physical (QM),logD-3DS-1,-0.27,-0.4,0.13
146,SAMPL8-3,MEK-water,COSMO-RS,Physical (QM),logD-3DS-1,-1.61,-0.6,1.0100000000000002
147,SAMPL8-1,MEK-water,COSMO-RS,Physical (QM),logD-3DS-1,0.98,-0.2,1.18
148,SAMPL8-16,Heptane-water,COSMO-RS,Physical (QM),logD-3DS-1,-2.94,-1.0,1.94
149,SAMPL8-10,Heptane-water,COSMO-RS,Physical (QM),logD-3DS-1,-2.81,-1.0,1.81
150,SAMPL8-5,Heptane-water,COSMO-RS,Physical (QM),logD-3DS-1,-1.98,-1.2,0.78
151,SAMPL8-1,Heptane-water,COSMO-RS,Physical (QM),logD-3DS-1,0.001,0.0,0.001
152,SAMPL8-17,Ethyl acetate-water,COSMO-RS,Physical (QM),logD-3DS-1,-1.72,-1.4,0.32000000000000006
153,SAMPL8-16,Ethyl acetate-water,COSMO-RS,Physical (QM),logD-3DS-1,0.76,-0.5,1.26
154,SAMPL8-14,Ethyl acetate-water,COSMO-RS,Physical (QM),logD-3DS-1,-1.39,-0.8,0.5899999999999999
155,SAMPL8-12,Ethyl acetate-water,COSMO-RS,Physical (QM),logD-3DS-1,-1.36,-1.4,0.039999999999999813
156,SAMPL8-10,Ethyl acetate-water,COSMO-RS,Physical (QM),logD-3DS-1,0.07,0.1,0.03
157,SAMPL8-9,Ethyl acetate-water,COSMO-RS,Physical (QM),logD-3DS-1,0.18,-0.8,0.98
158,SAMPL8-6,Ethyl acetate-water,COSMO-RS,Physical (QM),logD-3DS-1,0.78,-0.1,0.88
159,SAMPL8-5,Ethyl acetate-water,COSMO-RS,Physical (QM),logD-3DS-1,1.29,0.1,1.19
160,SAMPL8-3,Ethyl acetate-water,COSMO-RS,Physical (QM),logD-3DS-1,-0.76,-0.8,0.040000000000000036
161,SAMPL8-1,Ethyl acetate-water,COSMO-RS,Physical (QM),logD-3DS-1,2.64,0.3,2.3400000000000003
162,SAMPL8-5,Cyclohexane-water,COSMO-RS,Physical (QM),logD-3DS-1,-1.83,-1.1,0.73
163,SAMPL8-16,Octanol-water,COSMO-RS,Physical (QM),logD-3DS-1,0.6,-0.4,1.0
164,SAMPL8-14,Octanol-water,COSMO-RS,Physical (QM),logD-3DS-1,-1.46,-1.0,0.45999999999999996
165,SAMPL8-12,Octanol-water,COSMO-RS,Physical (QM),logD-3DS-1,-1.34,-0.7,0.6400000000000001
166,SAMPL8-10,Octanol-water,COSMO-RS,Physical (QM),logD-3DS-1,-0.47,-0.6,0.13
167,SAMPL8-9,Octanol-water,COSMO-RS,Physical (QM),logD-3DS-1,-0.11,-0.1,0.009999999999999995
168,SAMPL8-7,Octanol-water,COSMO-RS,Physical (QM),logD-3DS-1,-2.57,-1.3,1.2699999999999998
169,SAMPL8-6,Octanol-water,COSMO-RS,Physical (QM),logD-3DS-1,-0.17,-0.4,0.23
170,SAMPL8-5,Octanol-water,COSMO-RS,Physical (QM),logD-3DS-1,0.8,-0.5,1.3
171,SAMPL8-1,Octanol-water,COSMO-RS,Physical (QM),logD-3DS-1,2.42,0.8,1.6199999999999999
172,SAMPL8-16,Cyclohexane-DMF,RFE-uESE-extra-3,Physical (QM),logD_SabatinoRodriguezPaluch_uESE_extra_3,-2.34,-1.3,1.0399999999999998
173,SAMPL8-6,Cyclohexane-DMF,RFE-uESE-extra-3,Physical (QM),logD_SabatinoRodriguezPaluch_uESE_extra_3,-3.93,0.0,3.93
174,SAMPL8-1,Cyclohexane-DMF,RFE-uESE-extra-3,Physical (QM),logD_SabatinoRodriguezPaluch_uESE_extra_3,-1.21,-0.7,0.51
175,SAMPL8-16,TBME-water,RFE-uESE-extra-3,Physical (QM),logD_SabatinoRodriguezPaluch_uESE_extra_3,4.52,-1.2,5.72
176,SAMPL8-10,TBME-water,RFE-uESE-extra-3,Physical (QM),logD_SabatinoRodriguezPaluch_uESE_extra_3,5.52,-0.9,6.42
177,SAMPL8-6,TBME-water,RFE-uESE-extra-3,Physical (QM),logD_SabatinoRodriguezPaluch_uESE_extra_3,2.44,-0.2,2.64
178,SAMPL8-5,TBME-water,RFE-uESE-extra-3,Physical (QM),logD_SabatinoRodriguezPaluch_uESE_extra_3,4.84,0.0,4.84
179,SAMPL8-1,TBME-water,RFE-uESE-extra-3,Physical (QM),logD_SabatinoRodriguezPaluch_uESE_extra_3,6.13,0.1,6.03
180,SAMPL8-17,MEK-water,RFE-uESE-extra-3,Physical (QM),logD_SabatinoRodriguezPaluch_uESE_extra_3,6.44,-0.8,7.24
181,SAMPL8-16,MEK-water,RFE-uESE-extra-3,Physical (QM),logD_SabatinoRodriguezPaluch_uESE_extra_3,4.31,-0.3,4.609999999999999
182,SAMPL8-14,MEK-water,RFE-uESE-extra-3,Physical (QM),logD_SabatinoRodriguezPaluch_uESE_extra_3,-15.1,0.1,15.2
183,SAMPL8-12,MEK-water,RFE-uESE-extra-3,Physical (QM),logD_SabatinoRodriguezPaluch_uESE_extra_3,3.61,-0.4,4.01
184,SAMPL8-10,MEK-water,RFE-uESE-extra-3,Physical (QM),logD_SabatinoRodriguezPaluch_uESE_extra_3,7.92,0.0,7.92
185,SAMPL8-9,MEK-water,RFE-uESE-extra-3,Physical (QM),logD_SabatinoRodriguezPaluch_uESE_extra_3,5.88,0.4,5.4799999999999995
186,SAMPL8-7,MEK-water,RFE-uESE-extra-3,Physical (QM),logD_SabatinoRodriguezPaluch_uESE_extra_3,1.88,-0.4,2.28
187,SAMPL8-6,MEK-water,RFE-uESE-extra-3,Physical (QM),logD_SabatinoRodriguezPaluch_uESE_extra_3,4.39,-0.5,4.89
188,SAMPL8-5,MEK-water,RFE-uESE-extra-3,Physical (QM),logD_SabatinoRodriguezPaluch_uESE_extra_3,7.77,-0.4,8.17
189,SAMPL8-3,MEK-water,RFE-uESE-extra-3,Physical (QM),logD_SabatinoRodriguezPaluch_uESE_extra_3,-30.55,-0.6,29.95
190,SAMPL8-1,MEK-water,RFE-uESE-extra-3,Physical (QM),logD_SabatinoRodriguezPaluch_uESE_extra_3,5.98,-0.2,6.180000000000001
191,SAMPL8-16,Heptane-water,RFE-uESE-extra-3,Physical (QM),logD_SabatinoRodriguezPaluch_uESE_extra_3,1.58,-1.0,2.58
192,SAMPL8-10,Heptane-water,RFE-uESE-extra-3,Physical (QM),logD_SabatinoRodriguezPaluch_uESE_extra_3,2.27,-1.0,3.27
193,SAMPL8-5,Heptane-water,RFE-uESE-extra-3,Physical (QM),logD_SabatinoRodriguezPaluch_uESE_extra_3,2.97,-1.2,4.17
194,SAMPL8-1,Heptane-water,RFE-uESE-extra-3,Physical (QM),logD_SabatinoRodriguezPaluch_uESE_extra_3,4.4,0.0,4.4
195,SAMPL8-17,Ethyl acetate-water,RFE-uESE-extra-3,Physical (QM),logD_SabatinoRodriguezPaluch_uESE_extra_3,6.29,-1.4,7.6899999999999995
196,SAMPL8-16,Ethyl acetate-water,RFE-uESE-extra-3,Physical (QM),logD_SabatinoRodriguezPaluch_uESE_extra_3,5.71,-0.5,6.21
197,SAMPL8-14,Ethyl acetate-water,RFE-uESE-extra-3,Physical (QM),logD_SabatinoRodriguezPaluch_uESE_extra_3,-14.83,-0.8,14.03
198,SAMPL8-12,Ethyl acetate-water,RFE-uESE-extra-3,Physical (QM),logD_SabatinoRodriguezPaluch_uESE_extra_3,4.01,-1.4,5.41
199,SAMPL8-10,Ethyl acetate-water,RFE-uESE-extra-3,Physical (QM),logD_SabatinoRodriguezPaluch_uESE_extra_3,6.98,0.1,6.880000000000001
200,SAMPL8-9,Ethyl acetate-water,RFE-uESE-extra-3,Physical (QM),logD_SabatinoRodriguezPaluch_uESE_extra_3,5.86,-0.8,6.66
201,SAMPL8-6,Ethyl acetate-water,RFE-uESE-extra-3,Physical (QM),logD_SabatinoRodriguezPaluch_uESE_extra_3,3.47,-0.1,3.5700000000000003
202,SAMPL8-5,Ethyl acetate-water,RFE-uESE-extra-3,Physical (QM),logD_SabatinoRodriguezPaluch_uESE_extra_3,5.73,0.1,5.630000000000001
203,SAMPL8-3,Ethyl acetate-water,RFE-uESE-extra-3,Physical (QM),logD_SabatinoRodriguezPaluch_uESE_extra_3,-33.04,-0.8,32.24
204,SAMPL8-1,Ethyl acetate-water,RFE-uESE-extra-3,Physical (QM),logD_SabatinoRodriguezPaluch_uESE_extra_3,6.97,0.3,6.67
205,SAMPL8-5,Cyclohexane-water,RFE-uESE-extra-3,Physical (QM),logD_SabatinoRodriguezPaluch_uESE_extra_3,2.9,-1.1,4.0
206,SAMPL8-16,Octanol-water,RFE-uESE-extra-3,Physical (QM),logD_SabatinoRodriguezPaluch_uESE_extra_3,3.02,-0.4,3.42
207,SAMPL8-14,Octanol-water,RFE-uESE-extra-3,Physical (QM),logD_SabatinoRodriguezPaluch_uESE_extra_3,-18.45,-1.0,17.45
208,SAMPL8-12,Octanol-water,RFE-uESE-extra-3,Physical (QM),logD_SabatinoRodriguezPaluch_uESE_extra_3,1.03,-0.7,1.73
209,SAMPL8-10,Octanol-water,RFE-uESE-extra-3,Physical (QM),logD_SabatinoRodriguezPaluch_uESE_extra_3,2.6,-0.6,3.2
210,SAMPL8-9,Octanol-water,RFE-uESE-extra-3,Physical (QM),logD_SabatinoRodriguezPaluch_uESE_extra_3,2.53,-0.1,2.63
211,SAMPL8-7,Octanol-water,RFE-uESE-extra-3,Physical (QM),logD_SabatinoRodriguezPaluch_uESE_extra_3,-1.17,-1.3,0.13000000000000012
212,SAMPL8-6,Octanol-water,RFE-uESE-extra-3,Physical (QM),logD_SabatinoRodriguezPaluch_uESE_extra_3,1.4,-0.4,1.7999999999999998
213,SAMPL8-5,Octanol-water,RFE-uESE-extra-3,Physical (QM),logD_SabatinoRodriguezPaluch_uESE_extra_3,3.4,-0.5,3.9
214,SAMPL8-1,Octanol-water,RFE-uESE-extra-3,Physical (QM),logD_SabatinoRodriguezPaluch_uESE_extra_3,3.5,0.8,2.7
215,SAMPL8-16,Cyclohexane-DMF,Molecular Dynamics Fingerprints (MDFPs),Mixed,logD_SAMPL8_ShuzheWang_ranked,-6.03,-1.3,4.73
216,SAMPL8-6,Cyclohexane-DMF,Molecular Dynamics Fingerprints (MDFPs),Mixed,logD_SAMPL8_ShuzheWang_ranked,-8.22,0.0,8.22
217,SAMPL8-1,Cyclohexane-DMF,Molecular Dynamics Fingerprints (MDFPs),Mixed,logD_SAMPL8_ShuzheWang_ranked,-6.6,-0.7,5.8999999999999995
218,SAMPL8-16,TBME-water,Molecular Dynamics Fingerprints (MDFPs),Mixed,logD_SAMPL8_ShuzheWang_ranked,-1.52,-1.2,0.32000000000000006
219,SAMPL8-10,TBME-water,Molecular Dynamics Fingerprints (MDFPs),Mixed,logD_SAMPL8_ShuzheWang_ranked,-4.09,-0.9,3.19
220,SAMPL8-6,TBME-water,Molecular Dynamics Fingerprints (MDFPs),Mixed,logD_SAMPL8_ShuzheWang_ranked,-1.77,-0.2,1.57
221,SAMPL8-5,TBME-water,Molecular Dynamics Fingerprints (MDFPs),Mixed,logD_SAMPL8_ShuzheWang_ranked,-0.7,0.0,0.7
222,SAMPL8-1,TBME-water,Molecular Dynamics Fingerprints (MDFPs),Mixed,logD_SAMPL8_ShuzheWang_ranked,-0.48,0.1,0.58
223,SAMPL8-17,MEK-water,Molecular Dynamics Fingerprints (MDFPs),Mixed,logD_SAMPL8_ShuzheWang_ranked,-0.59,-0.8,0.21000000000000008
224,SAMPL8-16,MEK-water,Molecular Dynamics Fingerprints (MDFPs),Mixed,logD_SAMPL8_ShuzheWang_ranked,-0.1,-0.3,0.19999999999999998
225,SAMPL8-14,MEK-water,Molecular Dynamics Fingerprints (MDFPs),Mixed,logD_SAMPL8_ShuzheWang_ranked,-7.02,0.1,7.119999999999999
226,SAMPL8-12,MEK-water,Molecular Dynamics Fingerprints (MDFPs),Mixed,logD_SAMPL8_ShuzheWang_ranked,-5.01,-0.4,4.609999999999999
227,SAMPL8-10,MEK-water,Molecular Dynamics Fingerprints (MDFPs),Mixed,logD_SAMPL8_ShuzheWang_ranked,-2.66,0.0,2.66
228,SAMPL8-9,MEK-water,Molecular Dynamics Fingerprints (MDFPs),Mixed,logD_SAMPL8_ShuzheWang_ranked,-1.39,0.4,1.79
229,SAMPL8-7,MEK-water,Molecular Dynamics Fingerprints (MDFPs),Mixed,logD_SAMPL8_ShuzheWang_ranked,-0.86,-0.4,0.45999999999999996
230,SAMPL8-6,MEK-water,Molecular Dynamics Fingerprints (MDFPs),Mixed,logD_SAMPL8_ShuzheWang_ranked,0.01,-0.5,0.51
231,SAMPL8-5,MEK-water,Molecular Dynamics Fingerprints (MDFPs),Mixed,logD_SAMPL8_ShuzheWang_ranked,0.7,-0.4,1.1
232,SAMPL8-3,MEK-water,Molecular Dynamics Fingerprints (MDFPs),Mixed,logD_SAMPL8_ShuzheWang_ranked,-6.18,-0.6,5.58
233,SAMPL8-1,MEK-water,Molecular Dynamics Fingerprints (MDFPs),Mixed,logD_SAMPL8_ShuzheWang_ranked,0.46,-0.2,0.66
234,SAMPL8-16,Heptane-water,Molecular Dynamics Fingerprints (MDFPs),Mixed,logD_SAMPL8_ShuzheWang_ranked,-1.27,-1.0,0.27
235,SAMPL8-10,Heptane-water,Molecular Dynamics Fingerprints (MDFPs),Mixed,logD_SAMPL8_ShuzheWang_ranked,-4.07,-1.0,3.0700000000000003
236,SAMPL8-5,Heptane-water,Molecular Dynamics Fingerprints (MDFPs),Mixed,logD_SAMPL8_ShuzheWang_ranked,-0.7,-1.2,0.5
237,SAMPL8-1,Heptane-water,Molecular Dynamics Fingerprints (MDFPs),Mixed,logD_SAMPL8_ShuzheWang_ranked,1.26,0.0,1.26
238,SAMPL8-17,Ethyl acetate-water,Molecular Dynamics Fingerprints (MDFPs),Mixed,logD_SAMPL8_ShuzheWang_ranked,3.92,-1.4,5.32
239,SAMPL8-16,Ethyl acetate-water,Molecular Dynamics Fingerprints (MDFPs),Mixed,logD_SAMPL8_ShuzheWang_ranked,4.62,-0.5,5.12
240,SAMPL8-14,Ethyl acetate-water,Molecular Dynamics Fingerprints (MDFPs),Mixed,logD_SAMPL8_ShuzheWang_ranked,-1.73,-0.8,0.9299999999999999
241,SAMPL8-12,Ethyl acetate-water,Molecular Dynamics Fingerprints (MDFPs),Mixed,logD_SAMPL8_ShuzheWang_ranked,-0.11,-1.4,1.2899999999999998
242,SAMPL8-10,Ethyl acetate-water,Molecular Dynamics Fingerprints (MDFPs),Mixed,logD_SAMPL8_ShuzheWang_ranked,0.44,0.1,0.33999999999999997
243,SAMPL8-9,Ethyl acetate-water,Molecular Dynamics Fingerprints (MDFPs),Mixed,logD_SAMPL8_ShuzheWang_ranked,3.09,-0.8,3.8899999999999997
244,SAMPL8-6,Ethyl acetate-water,Molecular Dynamics Fingerprints (MDFPs),Mixed,logD_SAMPL8_ShuzheWang_ranked,1.22,-0.1,1.32
245,SAMPL8-5,Ethyl acetate-water,Molecular Dynamics Fingerprints (MDFPs),Mixed,logD_SAMPL8_ShuzheWang_ranked,1.73,0.1,1.63
246,SAMPL8-3,Ethyl acetate-water,Molecular Dynamics Fingerprints (MDFPs),Mixed,logD_SAMPL8_ShuzheWang_ranked,-0.97,-0.8,0.16999999999999993
247,SAMPL8-1,Ethyl acetate-water,Molecular Dynamics Fingerprints (MDFPs),Mixed,logD_SAMPL8_ShuzheWang_ranked,2.66,0.3,2.3600000000000003
248,SAMPL8-5,Cyclohexane-water,Molecular Dynamics Fingerprints (MDFPs),Mixed,logD_SAMPL8_ShuzheWang_ranked,-0.41,-1.1,0.6900000000000002
249,SAMPL8-16,Octanol-water,Molecular Dynamics Fingerprints (MDFPs),Mixed,logD_SAMPL8_ShuzheWang_ranked,-0.41,-0.4,0.009999999999999953
250,SAMPL8-14,Octanol-water,Molecular Dynamics Fingerprints (MDFPs),Mixed,logD_SAMPL8_ShuzheWang_ranked,-2.63,-1.0,1.63
251,SAMPL8-12,Octanol-water,Molecular Dynamics Fingerprints (MDFPs),Mixed,logD_SAMPL8_ShuzheWang_ranked,-1.85,-0.7,1.1500000000000001
252,SAMPL8-10,Octanol-water,Molecular Dynamics Fingerprints (MDFPs),Mixed,logD_SAMPL8_ShuzheWang_ranked,0.06,-0.6,0.6599999999999999
253,SAMPL8-9,Octanol-water,Molecular Dynamics Fingerprints (MDFPs),Mixed,logD_SAMPL8_ShuzheWang_ranked,-0.39,-0.1,0.29000000000000004
254,SAMPL8-7,Octanol-water,Molecular Dynamics Fingerprints (MDFPs),Mixed,logD_SAMPL8_ShuzheWang_ranked,-1.68,-1.3,0.3799999999999999
255,SAMPL8-6,Octanol-water,Molecular Dynamics Fingerprints (MDFPs),Mixed,logD_SAMPL8_ShuzheWang_ranked,-0.56,-0.4,0.16000000000000003
256,SAMPL8-5,Octanol-water,Molecular Dynamics Fingerprints (MDFPs),Mixed,logD_SAMPL8_ShuzheWang_ranked,-0.57,-0.5,0.06999999999999995
257,SAMPL8-1,Octanol-water,Molecular Dynamics Fingerprints (MDFPs),Mixed,logD_SAMPL8_ShuzheWang_ranked,0.35,0.8,0.45000000000000007
258,SAMPL8-16,Cyclohexane-DMF,RFE-uESE-extra-2,Physical (QM),logD_SabatinoRodriguezPaluch_uESE_extra_2,-2.34,-1.3,1.0399999999999998
259,SAMPL8-6,Cyclohexane-DMF,RFE-uESE-extra-2,Physical (QM),logD_SabatinoRodriguezPaluch_uESE_extra_2,-3.93,0.0,3.93
260,SAMPL8-1,Cyclohexane-DMF,RFE-uESE-extra-2,Physical (QM),logD_SabatinoRodriguezPaluch_uESE_extra_2,-1.21,-0.7,0.51
261,SAMPL8-16,TBME-water,RFE-uESE-extra-2,Physical (QM),logD_SabatinoRodriguezPaluch_uESE_extra_2,4.68,-1.2,5.88
262,SAMPL8-10,TBME-water,RFE-uESE-extra-2,Physical (QM),logD_SabatinoRodriguezPaluch_uESE_extra_2,5.7,-0.9,6.6000000000000005
263,SAMPL8-6,TBME-water,RFE-uESE-extra-2,Physical (QM),logD_SabatinoRodriguezPaluch_uESE_extra_2,2.56,-0.2,2.7600000000000002
264,SAMPL8-5,TBME-water,RFE-uESE-extra-2,Physical (QM),logD_SabatinoRodriguezPaluch_uESE_extra_2,4.94,0.0,4.94
265,SAMPL8-1,TBME-water,RFE-uESE-extra-2,Physical (QM),logD_SabatinoRodriguezPaluch_uESE_extra_2,5.85,0.1,5.75
266,SAMPL8-17,MEK-water,RFE-uESE-extra-2,Physical (QM),logD_SabatinoRodriguezPaluch_uESE_extra_2,6.44,-0.8,7.24
267,SAMPL8-16,MEK-water,RFE-uESE-extra-2,Physical (QM),logD_SabatinoRodriguezPaluch_uESE_extra_2,4.31,-0.3,4.609999999999999
268,SAMPL8-14,MEK-water,RFE-uESE-extra-2,Physical (QM),logD_SabatinoRodriguezPaluch_uESE_extra_2,-15.1,0.1,15.2
269,SAMPL8-12,MEK-water,RFE-uESE-extra-2,Physical (QM),logD_SabatinoRodriguezPaluch_uESE_extra_2,3.61,-0.4,4.01
270,SAMPL8-10,MEK-water,RFE-uESE-extra-2,Physical (QM),logD_SabatinoRodriguezPaluch_uESE_extra_2,7.92,0.0,7.92
271,SAMPL8-9,MEK-water,RFE-uESE-extra-2,Physical (QM),logD_SabatinoRodriguezPaluch_uESE_extra_2,5.88,0.4,5.4799999999999995
272,SAMPL8-7,MEK-water,RFE-uESE-extra-2,Physical (QM),logD_SabatinoRodriguezPaluch_uESE_extra_2,1.88,-0.4,2.28
273,SAMPL8-6,MEK-water,RFE-uESE-extra-2,Physical (QM),logD_SabatinoRodriguezPaluch_uESE_extra_2,4.39,-0.5,4.89
274,SAMPL8-5,MEK-water,RFE-uESE-extra-2,Physical (QM),logD_SabatinoRodriguezPaluch_uESE_extra_2,7.77,-0.4,8.17
275,SAMPL8-3,MEK-water,RFE-uESE-extra-2,Physical (QM),logD_SabatinoRodriguezPaluch_uESE_extra_2,-30.55,-0.6,29.95
276,SAMPL8-1,MEK-water,RFE-uESE-extra-2,Physical (QM),logD_SabatinoRodriguezPaluch_uESE_extra_2,5.98,-0.2,6.180000000000001
277,SAMPL8-16,Heptane-water,RFE-uESE-extra-2,Physical (QM),logD_SabatinoRodriguezPaluch_uESE_extra_2,1.58,-1.0,2.58
278,SAMPL8-10,Heptane-water,RFE-uESE-extra-2,Physical (QM),logD_SabatinoRodriguezPaluch_uESE_extra_2,2.27,-1.0,3.27
279,SAMPL8-5,Heptane-water,RFE-uESE-extra-2,Physical (QM),logD_SabatinoRodriguezPaluch_uESE_extra_2,2.97,-1.2,4.17
280,SAMPL8-1,Heptane-water,RFE-uESE-extra-2,Physical (QM),logD_SabatinoRodriguezPaluch_uESE_extra_2,4.4,0.0,4.4
281,SAMPL8-17,Ethyl acetate-water,RFE-uESE-extra-2,Physical (QM),logD_SabatinoRodriguezPaluch_uESE_extra_2,6.29,-1.4,7.6899999999999995
282,SAMPL8-16,Ethyl acetate-water,RFE-uESE-extra-2,Physical (QM),logD_SabatinoRodriguezPaluch_uESE_extra_2,5.71,-0.5,6.21
283,SAMPL8-14,Ethyl acetate-water,RFE-uESE-extra-2,Physical (QM),logD_SabatinoRodriguezPaluch_uESE_extra_2,-14.83,-0.8,14.03
284,SAMPL8-12,Ethyl acetate-water,RFE-uESE-extra-2,Physical (QM),logD_SabatinoRodriguezPaluch_uESE_extra_2,4.01,-1.4,5.41
285,SAMPL8-10,Ethyl acetate-water,RFE-uESE-extra-2,Physical (QM),logD_SabatinoRodriguezPaluch_uESE_extra_2,6.98,0.1,6.880000000000001
286,SAMPL8-9,Ethyl acetate-water,RFE-uESE-extra-2,Physical (QM),logD_SabatinoRodriguezPaluch_uESE_extra_2,5.86,-0.8,6.66
287,SAMPL8-6,Ethyl acetate-water,RFE-uESE-extra-2,Physical (QM),logD_SabatinoRodriguezPaluch_uESE_extra_2,3.47,-0.1,3.5700000000000003
288,SAMPL8-5,Ethyl acetate-water,RFE-uESE-extra-2,Physical (QM),logD_SabatinoRodriguezPaluch_uESE_extra_2,5.73,0.1,5.630000000000001
289,SAMPL8-3,Ethyl acetate-water,RFE-uESE-extra-2,Physical (QM),logD_SabatinoRodriguezPaluch_uESE_extra_2,-33.04,-0.8,32.24
290,SAMPL8-1,Ethyl acetate-water,RFE-uESE-extra-2,Physical (QM),logD_SabatinoRodriguezPaluch_uESE_extra_2,6.97,0.3,6.67
291,SAMPL8-5,Cyclohexane-water,RFE-uESE-extra-2,Physical (QM),logD_SabatinoRodriguezPaluch_uESE_extra_2,2.9,-1.1,4.0
292,SAMPL8-16,Octanol-water,RFE-uESE-extra-2,Physical (QM),logD_SabatinoRodriguezPaluch_uESE_extra_2,3.02,-0.4,3.42
293,SAMPL8-14,Octanol-water,RFE-uESE-extra-2,Physical (QM),logD_SabatinoRodriguezPaluch_uESE_extra_2,-18.45,-1.0,17.45
294,SAMPL8-12,Octanol-water,RFE-uESE-extra-2,Physical (QM),logD_SabatinoRodriguezPaluch_uESE_extra_2,1.03,-0.7,1.73
295,SAMPL8-10,Octanol-water,RFE-uESE-extra-2,Physical (QM),logD_SabatinoRodriguezPaluch_uESE_extra_2,2.6,-0.6,3.2
296,SAMPL8-9,Octanol-water,RFE-uESE-extra-2,Physical (QM),logD_SabatinoRodriguezPaluch_uESE_extra_2,2.53,-0.1,2.63
297,SAMPL8-7,Octanol-water,RFE-uESE-extra-2,Physical (QM),logD_SabatinoRodriguezPaluch_uESE_extra_2,-1.17,-1.3,0.13000000000000012
298,SAMPL8-6,Octanol-water,RFE-uESE-extra-2,Physical (QM),logD_SabatinoRodriguezPaluch_uESE_extra_2,1.4,-0.4,1.7999999999999998
299,SAMPL8-5,Octanol-water,RFE-uESE-extra-2,Physical (QM),logD_SabatinoRodriguezPaluch_uESE_extra_2,3.4,-0.5,3.9
300,SAMPL8-1,Octanol-water,RFE-uESE-extra-2,Physical (QM),logD_SabatinoRodriguezPaluch_uESE_extra_2,3.5,0.8,2.7
301,SAMPL8-16,Cyclohexane-DMF,GC-LSER,Empirical,logD_OllierTranPaluch_LSER_exp,-3.1,-1.3,1.8
302,SAMPL8-6,Cyclohexane-DMF,GC-LSER,Empirical,logD_OllierTranPaluch_LSER_exp,-4.76,0.0,4.76
303,SAMPL8-1,Cyclohexane-DMF,GC-LSER,Empirical,logD_OllierTranPaluch_LSER_exp,-3.7,-0.7,3.0
304,SAMPL8-16,TBME-water,GC-LSER,Empirical,logD_OllierTranPaluch_LSER_exp,-0.21,-1.2,0.99
305,SAMPL8-10,TBME-water,GC-LSER,Empirical,logD_OllierTranPaluch_LSER_exp,-0.57,-0.9,0.33000000000000007
306,SAMPL8-6,TBME-water,GC-LSER,Empirical,logD_OllierTranPaluch_LSER_exp,0.8,-0.2,1.0
307,SAMPL8-5,TBME-water,GC-LSER,Empirical,logD_OllierTranPaluch_LSER_exp,-0.05,0.0,0.05
308,SAMPL8-1,TBME-water,GC-LSER,Empirical,logD_OllierTranPaluch_LSER_exp,1.89,0.1,1.7899999999999998
309,SAMPL8-17,MEK-water,GC-LSER,Empirical,logD_OllierTranPaluch_LSER_exp,-1.59,-0.8,0.79
310,SAMPL8-16,MEK-water,GC-LSER,Empirical,logD_OllierTranPaluch_LSER_exp,0.53,-0.3,0.8300000000000001
311,SAMPL8-14,MEK-water,GC-LSER,Empirical,logD_OllierTranPaluch_LSER_exp,-1.5,0.1,1.6
312,SAMPL8-12,MEK-water,GC-LSER,Empirical,logD_OllierTranPaluch_LSER_exp,-2.01,-0.4,1.6099999999999999
313,SAMPL8-10,MEK-water,GC-LSER,Empirical,logD_OllierTranPaluch_LSER_exp,0.8,0.0,0.8
314,SAMPL8-9,MEK-water,GC-LSER,Empirical,logD_OllierTranPaluch_LSER_exp,-0.04,0.4,0.44
315,SAMPL8-7,MEK-water,GC-LSER,Empirical,logD_OllierTranPaluch_LSER_exp,-2.1,-0.4,1.7000000000000002
316,SAMPL8-6,MEK-water,GC-LSER,Empirical,logD_OllierTranPaluch_LSER_exp,1.27,-0.5,1.77
317,SAMPL8-5,MEK-water,GC-LSER,Empirical,logD_OllierTranPaluch_LSER_exp,0.62,-0.4,1.02
318,SAMPL8-3,MEK-water,GC-LSER,Empirical,logD_OllierTranPaluch_LSER_exp,-5.83,-0.6,5.23
319,SAMPL8-1,MEK-water,GC-LSER,Empirical,logD_OllierTranPaluch_LSER_exp,2.25,-0.2,2.45
320,SAMPL8-16,Heptane-water,GC-LSER,Empirical,logD_OllierTranPaluch_LSER_exp,-2.15,-1.0,1.15
321,SAMPL8-10,Heptane-water,GC-LSER,Empirical,logD_OllierTranPaluch_LSER_exp,-2.71,-1.0,1.71
322,SAMPL8-5,Heptane-water,GC-LSER,Empirical,logD_OllierTranPaluch_LSER_exp,-2.46,-1.2,1.26
323,SAMPL8-1,Heptane-water,GC-LSER,Empirical,logD_OllierTranPaluch_LSER_exp,-0.75,0.0,0.75
324,SAMPL8-17,Ethyl acetate-water,GC-LSER,Empirical,logD_OllierTranPaluch_LSER_exp,-1.61,-1.4,0.2100000000000002
325,SAMPL8-16,Ethyl acetate-water,GC-LSER,Empirical,logD_OllierTranPaluch_LSER_exp,0.24,-0.5,0.74
326,SAMPL8-14,Ethyl acetate-water,GC-LSER,Empirical,logD_OllierTranPaluch_LSER_exp,-1.19,-0.8,0.3899999999999999
327,SAMPL8-12,Ethyl acetate-water,GC-LSER,Empirical,logD_OllierTranPaluch_LSER_exp,-2.38,-1.4,0.98
328,SAMPL8-10,Ethyl acetate-water,GC-LSER,Empirical,logD_OllierTranPaluch_LSER_exp,-0.22,0.1,0.32
329,SAMPL8-9,Ethyl acetate-water,GC-LSER,Empirical,logD_OllierTranPaluch_LSER_exp,-0.18,-0.8,0.6200000000000001
330,SAMPL8-6,Ethyl acetate-water,GC-LSER,Empirical,logD_OllierTranPaluch_LSER_exp,0.92,-0.1,1.02
331,SAMPL8-5,Ethyl acetate-water,GC-LSER,Empirical,logD_OllierTranPaluch_LSER_exp,0.17,0.1,0.07
332,SAMPL8-3,Ethyl acetate-water,GC-LSER,Empirical,logD_OllierTranPaluch_LSER_exp,-4.82,-0.8,4.0200000000000005
333,SAMPL8-1,Ethyl acetate-water,GC-LSER,Empirical,logD_OllierTranPaluch_LSER_exp,1.81,0.3,1.51
334,SAMPL8-5,Cyclohexane-water,GC-LSER,Empirical,logD_OllierTranPaluch_LSER_exp,-2.06,-1.1,0.96
335,SAMPL8-16,Octanol-water,GC-LSER,Empirical,logD_OllierTranPaluch_LSER_exp,0.59,-0.4,0.99
336,SAMPL8-14,Octanol-water,GC-LSER,Empirical,logD_OllierTranPaluch_LSER_exp,-0.24,-1.0,0.76
337,SAMPL8-12,Octanol-water,GC-LSER,Empirical,logD_OllierTranPaluch_LSER_exp,-1.86,-0.7,1.1600000000000001
338,SAMPL8-10,Octanol-water,GC-LSER,Empirical,logD_OllierTranPaluch_LSER_exp,-0.02,-0.6,0.58
339,SAMPL8-9,Octanol-water,GC-LSER,Empirical,logD_OllierTranPaluch_LSER_exp,0.24,-0.1,0.33999999999999997
340,SAMPL8-7,Octanol-water,GC-LSER,Empirical,logD_OllierTranPaluch_LSER_exp,-1.51,-1.3,0.20999999999999996
341,SAMPL8-6,Octanol-water,GC-LSER,Empirical,logD_OllierTranPaluch_LSER_exp,1.05,-0.4,1.4500000000000002
342,SAMPL8-5,Octanol-water,GC-LSER,Empirical,logD_OllierTranPaluch_LSER_exp,0.25,-0.5,0.75
343,SAMPL8-1,Octanol-water,GC-LSER,Empirical,logD_OllierTranPaluch_LSER_exp,1.81,0.8,1.01
344,SAMPL8-16,Cyclohexane-DMF,Molecular Dynamics Fingerprints (MDFPs),Mixed,logD_SAMPL8_ShuzheWang_unranked1,-6.03,-1.3,4.73
345,SAMPL8-6,Cyclohexane-DMF,Molecular Dynamics Fingerprints (MDFPs),Mixed,logD_SAMPL8_ShuzheWang_unranked1,-8.22,0.0,8.22
346,SAMPL8-1,Cyclohexane-DMF,Molecular Dynamics Fingerprints (MDFPs),Mixed,logD_SAMPL8_ShuzheWang_unranked1,-6.6,-0.7,5.8999999999999995
347,SAMPL8-16,TBME-water,Molecular Dynamics Fingerprints (MDFPs),Mixed,logD_SAMPL8_ShuzheWang_unranked1,-1.52,-1.2,0.32000000000000006
348,SAMPL8-10,TBME-water,Molecular Dynamics Fingerprints (MDFPs),Mixed,logD_SAMPL8_ShuzheWang_unranked1,-4.09,-0.9,3.19
349,SAMPL8-6,TBME-water,Molecular Dynamics Fingerprints (MDFPs),Mixed,logD_SAMPL8_ShuzheWang_unranked1,-1.77,-0.2,1.57
350,SAMPL8-5,TBME-water,Molecular Dynamics Fingerprints (MDFPs),Mixed,logD_SAMPL8_ShuzheWang_unranked1,-0.7,0.0,0.7
351,SAMPL8-1,TBME-water,Molecular Dynamics Fingerprints (MDFPs),Mixed,logD_SAMPL8_ShuzheWang_unranked1,-0.48,0.1,0.58
352,SAMPL8-17,MEK-water,Molecular Dynamics Fingerprints (MDFPs),Mixed,logD_SAMPL8_ShuzheWang_unranked1,-0.59,-0.8,0.21000000000000008
353,SAMPL8-16,MEK-water,Molecular Dynamics Fingerprints (MDFPs),Mixed,logD_SAMPL8_ShuzheWang_unranked1,-0.1,-0.3,0.19999999999999998
354,SAMPL8-14,MEK-water,Molecular Dynamics Fingerprints (MDFPs),Mixed,logD_SAMPL8_ShuzheWang_unranked1,-7.02,0.1,7.119999999999999
355,SAMPL8-12,MEK-water,Molecular Dynamics Fingerprints (MDFPs),Mixed,logD_SAMPL8_ShuzheWang_unranked1,-5.01,-0.4,4.609999999999999
356,SAMPL8-10,MEK-water,Molecular Dynamics Fingerprints (MDFPs),Mixed,logD_SAMPL8_ShuzheWang_unranked1,-2.66,0.0,2.66
357,SAMPL8-9,MEK-water,Molecular Dynamics Fingerprints (MDFPs),Mixed,logD_SAMPL8_ShuzheWang_unranked1,-1.39,0.4,1.79
358,SAMPL8-7,MEK-water,Molecular Dynamics Fingerprints (MDFPs),Mixed,logD_SAMPL8_ShuzheWang_unranked1,-0.86,-0.4,0.45999999999999996
359,SAMPL8-6,MEK-water,Molecular Dynamics Fingerprints (MDFPs),Mixed,logD_SAMPL8_ShuzheWang_unranked1,0.01,-0.5,0.51
360,SAMPL8-5,MEK-water,Molecular Dynamics Fingerprints (MDFPs),Mixed,logD_SAMPL8_ShuzheWang_unranked1,0.7,-0.4,1.1
361,SAMPL8-3,MEK-water,Molecular Dynamics Fingerprints (MDFPs),Mixed,logD_SAMPL8_ShuzheWang_unranked1,-6.18,-0.6,5.58
362,SAMPL8-1,MEK-water,Molecular Dynamics Fingerprints (MDFPs),Mixed,logD_SAMPL8_ShuzheWang_unranked1,0.46,-0.2,0.66
363,SAMPL8-16,Heptane-water,Molecular Dynamics Fingerprints (MDFPs),Mixed,logD_SAMPL8_ShuzheWang_unranked1,-1.27,-1.0,0.27
364,SAMPL8-10,Heptane-water,Molecular Dynamics Fingerprints (MDFPs),Mixed,logD_SAMPL8_ShuzheWang_unranked1,-4.07,-1.0,3.0700000000000003
365,SAMPL8-5,Heptane-water,Molecular Dynamics Fingerprints (MDFPs),Mixed,logD_SAMPL8_ShuzheWang_unranked1,-0.7,-1.2,0.5
366,SAMPL8-1,Heptane-water,Molecular Dynamics Fingerprints (MDFPs),Mixed,logD_SAMPL8_ShuzheWang_unranked1,1.26,0.0,1.26
367,SAMPL8-17,Ethyl acetate-water,Molecular Dynamics Fingerprints (MDFPs),Mixed,logD_SAMPL8_ShuzheWang_unranked1,3.92,-1.4,5.32
368,SAMPL8-16,Ethyl acetate-water,Molecular Dynamics Fingerprints (MDFPs),Mixed,logD_SAMPL8_ShuzheWang_unranked1,4.62,-0.5,5.12
369,SAMPL8-14,Ethyl acetate-water,Molecular Dynamics Fingerprints (MDFPs),Mixed,logD_SAMPL8_ShuzheWang_unranked1,-1.73,-0.8,0.9299999999999999
370,SAMPL8-12,Ethyl acetate-water,Molecular Dynamics Fingerprints (MDFPs),Mixed,logD_SAMPL8_ShuzheWang_unranked1,-0.11,-1.4,1.2899999999999998
371,SAMPL8-10,Ethyl acetate-water,Molecular Dynamics Fingerprints (MDFPs),Mixed,logD_SAMPL8_ShuzheWang_unranked1,0.44,0.1,0.33999999999999997
372,SAMPL8-9,Ethyl acetate-water,Molecular Dynamics Fingerprints (MDFPs),Mixed,logD_SAMPL8_ShuzheWang_unranked1,3.09,-0.8,3.8899999999999997
373,SAMPL8-6,Ethyl acetate-water,Molecular Dynamics Fingerprints (MDFPs),Mixed,logD_SAMPL8_ShuzheWang_unranked1,1.22,-0.1,1.32
374,SAMPL8-5,Ethyl acetate-water,Molecular Dynamics Fingerprints (MDFPs),Mixed,logD_SAMPL8_ShuzheWang_unranked1,1.73,0.1,1.63
375,SAMPL8-3,Ethyl acetate-water,Molecular Dynamics Fingerprints (MDFPs),Mixed,logD_SAMPL8_ShuzheWang_unranked1,-0.97,-0.8,0.16999999999999993
376,SAMPL8-1,Ethyl acetate-water,Molecular Dynamics Fingerprints (MDFPs),Mixed,logD_SAMPL8_ShuzheWang_unranked1,2.66,0.3,2.3600000000000003
377,SAMPL8-5,Cyclohexane-water,Molecular Dynamics Fingerprints (MDFPs),Mixed,logD_SAMPL8_ShuzheWang_unranked1,-0.41,-1.1,0.6900000000000002
378,SAMPL8-16,Octanol-water,Molecular Dynamics Fingerprints (MDFPs),Mixed,logD_SAMPL8_ShuzheWang_unranked1,2.74,-0.4,3.14
379,SAMPL8-14,Octanol-water,Molecular Dynamics Fingerprints (MDFPs),Mixed,logD_SAMPL8_ShuzheWang_unranked1,-2.94,-1.0,1.94
380,SAMPL8-12,Octanol-water,Molecular Dynamics Fingerprints (MDFPs),Mixed,logD_SAMPL8_ShuzheWang_unranked1,-1.14,-0.7,0.43999999999999995
381,SAMPL8-10,Octanol-water,Molecular Dynamics Fingerprints (MDFPs),Mixed,logD_SAMPL8_ShuzheWang_unranked1,0.57,-0.6,1.17
382,SAMPL8-9,Octanol-water,Molecular Dynamics Fingerprints (MDFPs),Mixed,logD_SAMPL8_ShuzheWang_unranked1,-0.54,-0.1,0.44000000000000006
383,SAMPL8-7,Octanol-water,Molecular Dynamics Fingerprints (MDFPs),Mixed,logD_SAMPL8_ShuzheWang_unranked1,-0.13,-1.3,1.17
384,SAMPL8-6,Octanol-water,Molecular Dynamics Fingerprints (MDFPs),Mixed,logD_SAMPL8_ShuzheWang_unranked1,1.12,-0.4,1.52
385,SAMPL8-5,Octanol-water,Molecular Dynamics Fingerprints (MDFPs),Mixed,logD_SAMPL8_ShuzheWang_unranked1,0.81,-0.5,1.31
386,SAMPL8-1,Octanol-water,Molecular Dynamics Fingerprints (MDFPs),Mixed,logD_SAMPL8_ShuzheWang_unranked1,0.87,0.8,0.06999999999999995
387,SAMPL8-16,Cyclohexane-DMF,Molecular Dynamics Fingerprints (MDFPs),Mixed,logD_SAMPL8_ShuzheWang_unranked3,-3.92,-1.3,2.62
388,SAMPL8-6,Cyclohexane-DMF,Molecular Dynamics Fingerprints (MDFPs),Mixed,logD_SAMPL8_ShuzheWang_unranked3,-4.39,0.0,4.39
389,SAMPL8-1,Cyclohexane-DMF,Molecular Dynamics Fingerprints (MDFPs),Mixed,logD_SAMPL8_ShuzheWang_unranked3,-3.61,-0.7,2.91
390,SAMPL8-16,TBME-water,Molecular Dynamics Fingerprints (MDFPs),Mixed,logD_SAMPL8_ShuzheWang_unranked3,0.58,-1.2,1.7799999999999998
391,SAMPL8-10,TBME-water,Molecular Dynamics Fingerprints (MDFPs),Mixed,logD_SAMPL8_ShuzheWang_unranked3,0.62,-0.9,1.52
392,SAMPL8-6,TBME-water,Molecular Dynamics Fingerprints (MDFPs),Mixed,logD_SAMPL8_ShuzheWang_unranked3,2.06,-0.2,2.2600000000000002
393,SAMPL8-5,TBME-water,Molecular Dynamics Fingerprints (MDFPs),Mixed,logD_SAMPL8_ShuzheWang_unranked3,3.38,0.0,3.38
394,SAMPL8-1,TBME-water,Molecular Dynamics Fingerprints (MDFPs),Mixed,logD_SAMPL8_ShuzheWang_unranked3,2.51,0.1,2.4099999999999997
395,SAMPL8-17,MEK-water,Molecular Dynamics Fingerprints (MDFPs),Mixed,logD_SAMPL8_ShuzheWang_unranked3,2.99,-0.8,3.79
396,SAMPL8-16,MEK-water,Molecular Dynamics Fingerprints (MDFPs),Mixed,logD_SAMPL8_ShuzheWang_unranked3,2.01,-0.3,2.3099999999999996
397,SAMPL8-14,MEK-water,Molecular Dynamics Fingerprints (MDFPs),Mixed,logD_SAMPL8_ShuzheWang_unranked3,-2.75,0.1,2.85
398,SAMPL8-12,MEK-water,Molecular Dynamics Fingerprints (MDFPs),Mixed,logD_SAMPL8_ShuzheWang_unranked3,-1.03,-0.4,0.63
399,SAMPL8-10,MEK-water,Molecular Dynamics Fingerprints (MDFPs),Mixed,logD_SAMPL8_ShuzheWang_unranked3,2.05,0.0,2.05
400,SAMPL8-9,MEK-water,Molecular Dynamics Fingerprints (MDFPs),Mixed,logD_SAMPL8_ShuzheWang_unranked3,1.69,0.4,1.29
401,SAMPL8-7,MEK-water,Molecular Dynamics Fingerprints (MDFPs),Mixed,logD_SAMPL8_ShuzheWang_unranked3,2.77,-0.4,3.17
402,SAMPL8-6,MEK-water,Molecular Dynamics Fingerprints (MDFPs),Mixed,logD_SAMPL8_ShuzheWang_unranked3,3.84,-0.5,4.34
403,SAMPL8-5,MEK-water,Molecular Dynamics Fingerprints (MDFPs),Mixed,logD_SAMPL8_ShuzheWang_unranked3,4.78,-0.4,5.180000000000001
404,SAMPL8-3,MEK-water,Molecular Dynamics Fingerprints (MDFPs),Mixed,logD_SAMPL8_ShuzheWang_unranked3,-2.18,-0.6,1.58
405,SAMPL8-1,MEK-water,Molecular Dynamics Fingerprints (MDFPs),Mixed,logD_SAMPL8_ShuzheWang_unranked3,3.45,-0.2,3.6500000000000004
406,SAMPL8-16,Heptane-water,Molecular Dynamics Fingerprints (MDFPs),Mixed,logD_SAMPL8_ShuzheWang_unranked3,0.83,-1.0,1.83
407,SAMPL8-10,Heptane-water,Molecular Dynamics Fingerprints (MDFPs),Mixed,logD_SAMPL8_ShuzheWang_unranked3,0.64,-1.0,1.6400000000000001
408,SAMPL8-5,Heptane-water,Molecular Dynamics Fingerprints (MDFPs),Mixed,logD_SAMPL8_ShuzheWang_unranked3,3.38,-1.2,4.58
409,SAMPL8-1,Heptane-water,Molecular Dynamics Fingerprints (MDFPs),Mixed,logD_SAMPL8_ShuzheWang_unranked3,4.25,0.0,4.25
410,SAMPL8-17,Ethyl acetate-water,Molecular Dynamics Fingerprints (MDFPs),Mixed,logD_SAMPL8_ShuzheWang_unranked3,7.5,-1.4,8.9
411,SAMPL8-16,Ethyl acetate-water,Molecular Dynamics Fingerprints (MDFPs),Mixed,logD_SAMPL8_ShuzheWang_unranked3,6.73,-0.5,7.23
412,SAMPL8-14,Ethyl acetate-water,Molecular Dynamics Fingerprints (MDFPs),Mixed,logD_SAMPL8_ShuzheWang_unranked3,2.54,-0.8,3.34
413,SAMPL8-12,Ethyl acetate-water,Molecular Dynamics Fingerprints (MDFPs),Mixed,logD_SAMPL8_ShuzheWang_unranked3,3.87,-1.4,5.27
414,SAMPL8-10,Ethyl acetate-water,Molecular Dynamics Fingerprints (MDFPs),Mixed,logD_SAMPL8_ShuzheWang_unranked3,5.15,0.1,5.050000000000001
415,SAMPL8-9,Ethyl acetate-water,Molecular Dynamics Fingerprints (MDFPs),Mixed,logD_SAMPL8_ShuzheWang_unranked3,6.17,-0.8,6.97
416,SAMPL8-6,Ethyl acetate-water,Molecular Dynamics Fingerprints (MDFPs),Mixed,logD_SAMPL8_ShuzheWang_unranked3,5.05,-0.1,5.1499999999999995
417,SAMPL8-5,Ethyl acetate-water,Molecular Dynamics Fingerprints (MDFPs),Mixed,logD_SAMPL8_ShuzheWang_unranked3,5.81,0.1,5.71
418,SAMPL8-3,Ethyl acetate-water,Molecular Dynamics Fingerprints (MDFPs),Mixed,logD_SAMPL8_ShuzheWang_unranked3,3.03,-0.8,3.83
419,SAMPL8-1,Ethyl acetate-water,Molecular Dynamics Fingerprints (MDFPs),Mixed,logD_SAMPL8_ShuzheWang_unranked3,5.65,0.3,5.3500000000000005
420,SAMPL8-5,Cyclohexane-water,Molecular Dynamics Fingerprints (MDFPs),Mixed,logD_SAMPL8_ShuzheWang_unranked3,3.67,-1.1,4.77
421,SAMPL8-16,Octanol-water,Molecular Dynamics Fingerprints (MDFPs),Mixed,logD_SAMPL8_ShuzheWang_unranked3,4.85,-0.4,5.25
422,SAMPL8-14,Octanol-water,Molecular Dynamics Fingerprints (MDFPs),Mixed,logD_SAMPL8_ShuzheWang_unranked3,1.33,-1.0,2.33
423,SAMPL8-12,Octanol-water,Molecular Dynamics Fingerprints (MDFPs),Mixed,logD_SAMPL8_ShuzheWang_unranked3,2.84,-0.7,3.54
424,SAMPL8-10,Octanol-water,Molecular Dynamics Fingerprints (MDFPs),Mixed,logD_SAMPL8_ShuzheWang_unranked3,5.28,-0.6,5.88
425,SAMPL8-9,Octanol-water,Molecular Dynamics Fingerprints (MDFPs),Mixed,logD_SAMPL8_ShuzheWang_unranked3,2.54,-0.1,2.64
426,SAMPL8-7,Octanol-water,Molecular Dynamics Fingerprints (MDFPs),Mixed,logD_SAMPL8_ShuzheWang_unranked3,3.5,-1.3,4.8
427,SAMPL8-6,Octanol-water,Molecular Dynamics Fingerprints (MDFPs),Mixed,logD_SAMPL8_ShuzheWang_unranked3,4.95,-0.4,5.3500000000000005
428,SAMPL8-5,Octanol-water,Molecular Dynamics Fingerprints (MDFPs),Mixed,logD_SAMPL8_ShuzheWang_unranked3,4.89,-0.5,5.39
429,SAMPL8-1,Octanol-water,Molecular Dynamics Fingerprints (MDFPs),Mixed,logD_SAMPL8_ShuzheWang_unranked3,3.86,0.8,3.0599999999999996
430,SAMPL8-16,Cyclohexane-DMF,RFE-uESE-extra,Physical (QM),logD_SabatinoRodriguezPaluch_uESE_extra,-2.34,-1.3,1.0399999999999998
431,SAMPL8-6,Cyclohexane-DMF,RFE-uESE-extra,Physical (QM),logD_SabatinoRodriguezPaluch_uESE_extra,-3.93,0.0,3.93
432,SAMPL8-1,Cyclohexane-DMF,RFE-uESE-extra,Physical (QM),logD_SabatinoRodriguezPaluch_uESE_extra,-1.21,-0.7,0.51
433,SAMPL8-16,TBME-water,RFE-uESE-extra,Physical (QM),logD_SabatinoRodriguezPaluch_uESE_extra,4.68,-1.2,5.88
434,SAMPL8-10,TBME-water,RFE-uESE-extra,Physical (QM),logD_SabatinoRodriguezPaluch_uESE_extra,5.7,-0.9,6.6000000000000005
435,SAMPL8-6,TBME-water,RFE-uESE-extra,Physical (QM),logD_SabatinoRodriguezPaluch_uESE_extra,2.56,-0.2,2.7600000000000002
436,SAMPL8-5,TBME-water,RFE-uESE-extra,Physical (QM),logD_SabatinoRodriguezPaluch_uESE_extra,4.94,0.0,4.94
437,SAMPL8-1,TBME-water,RFE-uESE-extra,Physical (QM),logD_SabatinoRodriguezPaluch_uESE_extra,6.22,0.1,6.12
438,SAMPL8-17,MEK-water,RFE-uESE-extra,Physical (QM),logD_SabatinoRodriguezPaluch_uESE_extra,6.44,-0.8,7.24
439,SAMPL8-16,MEK-water,RFE-uESE-extra,Physical (QM),logD_SabatinoRodriguezPaluch_uESE_extra,4.31,-0.3,4.609999999999999
440,SAMPL8-14,MEK-water,RFE-uESE-extra,Physical (QM),logD_SabatinoRodriguezPaluch_uESE_extra,-15.1,0.1,15.2
441,SAMPL8-12,MEK-water,RFE-uESE-extra,Physical (QM),logD_SabatinoRodriguezPaluch_uESE_extra,3.61,-0.4,4.01
442,SAMPL8-10,MEK-water,RFE-uESE-extra,Physical (QM),logD_SabatinoRodriguezPaluch_uESE_extra,7.92,0.0,7.92
443,SAMPL8-9,MEK-water,RFE-uESE-extra,Physical (QM),logD_SabatinoRodriguezPaluch_uESE_extra,5.88,0.4,5.4799999999999995
444,SAMPL8-7,MEK-water,RFE-uESE-extra,Physical (QM),logD_SabatinoRodriguezPaluch_uESE_extra,1.88,-0.4,2.28
445,SAMPL8-6,MEK-water,RFE-uESE-extra,Physical (QM),logD_SabatinoRodriguezPaluch_uESE_extra,4.39,-0.5,4.89
446,SAMPL8-5,MEK-water,RFE-uESE-extra,Physical (QM),logD_SabatinoRodriguezPaluch_uESE_extra,7.77,-0.4,8.17
447,SAMPL8-3,MEK-water,RFE-uESE-extra,Physical (QM),logD_SabatinoRodriguezPaluch_uESE_extra,-30.55,-0.6,29.95
448,SAMPL8-1,MEK-water,RFE-uESE-extra,Physical (QM),logD_SabatinoRodriguezPaluch_uESE_extra,5.98,-0.2,6.180000000000001
449,SAMPL8-16,Heptane-water,RFE-uESE-extra,Physical (QM),logD_SabatinoRodriguezPaluch_uESE_extra,1.58,-1.0,2.58
450,SAMPL8-10,Heptane-water,RFE-uESE-extra,Physical (QM),logD_SabatinoRodriguezPaluch_uESE_extra,2.27,-1.0,3.27
451,SAMPL8-5,Heptane-water,RFE-uESE-extra,Physical (QM),logD_SabatinoRodriguezPaluch_uESE_extra,2.97,-1.2,4.17
452,SAMPL8-1,Heptane-water,RFE-uESE-extra,Physical (QM),logD_SabatinoRodriguezPaluch_uESE_extra,4.4,0.0,4.4
453,SAMPL8-17,Ethyl acetate-water,RFE-uESE-extra,Physical (QM),logD_SabatinoRodriguezPaluch_uESE_extra,6.29,-1.4,7.6899999999999995
454,SAMPL8-16,Ethyl acetate-water,RFE-uESE-extra,Physical (QM),logD_SabatinoRodriguezPaluch_uESE_extra,5.71,-0.5,6.21
455,SAMPL8-14,Ethyl acetate-water,RFE-uESE-extra,Physical (QM),logD_SabatinoRodriguezPaluch_uESE_extra,-14.83,-0.8,14.03
456,SAMPL8-12,Ethyl acetate-water,RFE-uESE-extra,Physical (QM),logD_SabatinoRodriguezPaluch_uESE_extra,4.01,-1.4,5.41
457,SAMPL8-10,Ethyl acetate-water,RFE-uESE-extra,Physical (QM),logD_SabatinoRodriguezPaluch_uESE_extra,6.98,0.1,6.880000000000001
458,SAMPL8-9,Ethyl acetate-water,RFE-uESE-extra,Physical (QM),logD_SabatinoRodriguezPaluch_uESE_extra,5.86,-0.8,6.66
459,SAMPL8-6,Ethyl acetate-water,RFE-uESE-extra,Physical (QM),logD_SabatinoRodriguezPaluch_uESE_extra,3.47,-0.1,3.5700000000000003
460,SAMPL8-5,Ethyl acetate-water,RFE-uESE-extra,Physical (QM),logD_SabatinoRodriguezPaluch_uESE_extra,5.73,0.1,5.630000000000001
461,SAMPL8-3,Ethyl acetate-water,RFE-uESE-extra,Physical (QM),logD_SabatinoRodriguezPaluch_uESE_extra,-33.04,-0.8,32.24
462,SAMPL8-1,Ethyl acetate-water,RFE-uESE-extra,Physical (QM),logD_SabatinoRodriguezPaluch_uESE_extra,6.97,0.3,6.67
463,SAMPL8-5,Cyclohexane-water,RFE-uESE-extra,Physical (QM),logD_SabatinoRodriguezPaluch_uESE_extra,2.9,-1.1,4.0
464,SAMPL8-16,Octanol-water,RFE-uESE-extra,Physical (QM),logD_SabatinoRodriguezPaluch_uESE_extra,3.02,-0.4,3.42
465,SAMPL8-14,Octanol-water,RFE-uESE-extra,Physical (QM),logD_SabatinoRodriguezPaluch_uESE_extra,-18.45,-1.0,17.45
466,SAMPL8-12,Octanol-water,RFE-uESE-extra,Physical (QM),logD_SabatinoRodriguezPaluch_uESE_extra,1.03,-0.7,1.73
467,SAMPL8-10,Octanol-water,RFE-uESE-extra,Physical (QM),logD_SabatinoRodriguezPaluch_uESE_extra,2.6,-0.6,3.2
468,SAMPL8-9,Octanol-water,RFE-uESE-extra,Physical (QM),logD_SabatinoRodriguezPaluch_uESE_extra,2.53,-0.1,2.63
469,SAMPL8-7,Octanol-water,RFE-uESE-extra,Physical (QM),logD_SabatinoRodriguezPaluch_uESE_extra,-1.17,-1.3,0.13000000000000012
470,SAMPL8-6,Octanol-water,RFE-uESE-extra,Physical (QM),logD_SabatinoRodriguezPaluch_uESE_extra,1.4,-0.4,1.7999999999999998
471,SAMPL8-5,Octanol-water,RFE-uESE-extra,Physical (QM),logD_SabatinoRodriguezPaluch_uESE_extra,3.4,-0.5,3.9
472,SAMPL8-1,Octanol-water,RFE-uESE-extra,Physical (QM),logD_SabatinoRodriguezPaluch_uESE_extra,3.5,0.8,2.7
473,SAMPL8-16,Cyclohexane-DMF,Molecular Dynamics Fingerprints (MDFPs),Mixed,logD_SAMPL8_ShuzheWang_unranked2,-3.92,-1.3,2.62
474,SAMPL8-6,Cyclohexane-DMF,Molecular Dynamics Fingerprints (MDFPs),Mixed,logD_SAMPL8_ShuzheWang_unranked2,-4.39,0.0,4.39
475,SAMPL8-1,Cyclohexane-DMF,Molecular Dynamics Fingerprints (MDFPs),Mixed,logD_SAMPL8_ShuzheWang_unranked2,-3.61,-0.7,2.91
476,SAMPL8-16,TBME-water,Molecular Dynamics Fingerprints (MDFPs),Mixed,logD_SAMPL8_ShuzheWang_unranked2,0.58,-1.2,1.7799999999999998
477,SAMPL8-10,TBME-water,Molecular Dynamics Fingerprints (MDFPs),Mixed,logD_SAMPL8_ShuzheWang_unranked2,0.62,-0.9,1.52
478,SAMPL8-6,TBME-water,Molecular Dynamics Fingerprints (MDFPs),Mixed,logD_SAMPL8_ShuzheWang_unranked2,2.06,-0.2,2.2600000000000002
479,SAMPL8-5,TBME-water,Molecular Dynamics Fingerprints (MDFPs),Mixed,logD_SAMPL8_ShuzheWang_unranked2,3.38,0.0,3.38
480,SAMPL8-1,TBME-water,Molecular Dynamics Fingerprints (MDFPs),Mixed,logD_SAMPL8_ShuzheWang_unranked2,2.51,0.1,2.4099999999999997
481,SAMPL8-17,MEK-water,Molecular Dynamics Fingerprints (MDFPs),Mixed,logD_SAMPL8_ShuzheWang_unranked2,2.99,-0.8,3.79
482,SAMPL8-16,MEK-water,Molecular Dynamics Fingerprints (MDFPs),Mixed,logD_SAMPL8_ShuzheWang_unranked2,2.01,-0.3,2.3099999999999996
483,SAMPL8-14,MEK-water,Molecular Dynamics Fingerprints (MDFPs),Mixed,logD_SAMPL8_ShuzheWang_unranked2,-2.75,0.1,2.85
484,SAMPL8-12,MEK-water,Molecular Dynamics Fingerprints (MDFPs),Mixed,logD_SAMPL8_ShuzheWang_unranked2,-1.03,-0.4,0.63
485,SAMPL8-10,MEK-water,Molecular Dynamics Fingerprints (MDFPs),Mixed,logD_SAMPL8_ShuzheWang_unranked2,2.05,0.0,2.05
486,SAMPL8-9,MEK-water,Molecular Dynamics Fingerprints (MDFPs),Mixed,logD_SAMPL8_ShuzheWang_unranked2,1.69,0.4,1.29
487,SAMPL8-7,MEK-water,Molecular Dynamics Fingerprints (MDFPs),Mixed,logD_SAMPL8_ShuzheWang_unranked2,2.77,-0.4,3.17
488,SAMPL8-6,MEK-water,Molecular Dynamics Fingerprints (MDFPs),Mixed,logD_SAMPL8_ShuzheWang_unranked2,3.84,-0.5,4.34
489,SAMPL8-5,MEK-water,Molecular Dynamics Fingerprints (MDFPs),Mixed,logD_SAMPL8_ShuzheWang_unranked2,4.78,-0.4,5.180000000000001
490,SAMPL8-3,MEK-water,Molecular Dynamics Fingerprints (MDFPs),Mixed,logD_SAMPL8_ShuzheWang_unranked2,-2.18,-0.6,1.58
491,SAMPL8-1,MEK-water,Molecular Dynamics Fingerprints (MDFPs),Mixed,logD_SAMPL8_ShuzheWang_unranked2,3.45,-0.2,3.6500000000000004
492,SAMPL8-16,Heptane-water,Molecular Dynamics Fingerprints (MDFPs),Mixed,logD_SAMPL8_ShuzheWang_unranked2,0.83,-1.0,1.83
493,SAMPL8-10,Heptane-water,Molecular Dynamics Fingerprints (MDFPs),Mixed,logD_SAMPL8_ShuzheWang_unranked2,0.64,-1.0,1.6400000000000001
494,SAMPL8-5,Heptane-water,Molecular Dynamics Fingerprints (MDFPs),Mixed,logD_SAMPL8_ShuzheWang_unranked2,3.38,-1.2,4.58
495,SAMPL8-1,Heptane-water,Molecular Dynamics Fingerprints (MDFPs),Mixed,logD_SAMPL8_ShuzheWang_unranked2,4.25,0.0,4.25
496,SAMPL8-17,Ethyl acetate-water,Molecular Dynamics Fingerprints (MDFPs),Mixed,logD_SAMPL8_ShuzheWang_unranked2,7.5,-1.4,8.9
497,SAMPL8-16,Ethyl acetate-water,Molecular Dynamics Fingerprints (MDFPs),Mixed,logD_SAMPL8_ShuzheWang_unranked2,6.73,-0.5,7.23
498,SAMPL8-14,Ethyl acetate-water,Molecular Dynamics Fingerprints (MDFPs),Mixed,logD_SAMPL8_ShuzheWang_unranked2,2.54,-0.8,3.34
499,SAMPL8-12,Ethyl acetate-water,Molecular Dynamics Fingerprints (MDFPs),Mixed,logD_SAMPL8_ShuzheWang_unranked2,3.87,-1.4,5.27
500,SAMPL8-10,Ethyl acetate-water,Molecular Dynamics Fingerprints (MDFPs),Mixed,logD_SAMPL8_ShuzheWang_unranked2,5.15,0.1,5.050000000000001
501,SAMPL8-9,Ethyl acetate-water,Molecular Dynamics Fingerprints (MDFPs),Mixed,logD_SAMPL8_ShuzheWang_unranked2,6.17,-0.8,6.97
502,SAMPL8-6,Ethyl acetate-water,Molecular Dynamics Fingerprints (MDFPs),Mixed,logD_SAMPL8_ShuzheWang_unranked2,5.05,-0.1,5.1499999999999995
503,SAMPL8-5,Ethyl acetate-water,Molecular Dynamics Fingerprints (MDFPs),Mixed,logD_SAMPL8_ShuzheWang_unranked2,5.81,0.1,5.71
504,SAMPL8-3,Ethyl acetate-water,Molecular Dynamics Fingerprints (MDFPs),Mixed,logD_SAMPL8_ShuzheWang_unranked2,3.03,-0.8,3.83
505,SAMPL8-1,Ethyl acetate-water,Molecular Dynamics Fingerprints (MDFPs),Mixed,logD_SAMPL8_ShuzheWang_unranked2,5.65,0.3,5.3500000000000005
506,SAMPL8-5,Cyclohexane-water,Molecular Dynamics Fingerprints (MDFPs),Mixed,logD_SAMPL8_ShuzheWang_unranked2,3.67,-1.1,4.77
507,SAMPL8-16,Octanol-water,Molecular Dynamics Fingerprints (MDFPs),Mixed,logD_SAMPL8_ShuzheWang_unranked2,1.7,-0.4,2.1
508,SAMPL8-14,Octanol-water,Molecular Dynamics Fingerprints (MDFPs),Mixed,logD_SAMPL8_ShuzheWang_unranked2,1.64,-1.0,2.6399999999999997
509,SAMPL8-12,Octanol-water,Molecular Dynamics Fingerprints (MDFPs),Mixed,logD_SAMPL8_ShuzheWang_unranked2,2.13,-0.7,2.83
510,SAMPL8-10,Octanol-water,Molecular Dynamics Fingerprints (MDFPs),Mixed,logD_SAMPL8_ShuzheWang_unranked2,4.77,-0.6,5.369999999999999
511,SAMPL8-9,Octanol-water,Molecular Dynamics Fingerprints (MDFPs),Mixed,logD_SAMPL8_ShuzheWang_unranked2,2.69,-0.1,2.79
512,SAMPL8-7,Octanol-water,Molecular Dynamics Fingerprints (MDFPs),Mixed,logD_SAMPL8_ShuzheWang_unranked2,1.95,-1.3,3.25
513,SAMPL8-6,Octanol-water,Molecular Dynamics Fingerprints (MDFPs),Mixed,logD_SAMPL8_ShuzheWang_unranked2,3.27,-0.4,3.67
514,SAMPL8-5,Octanol-water,Molecular Dynamics Fingerprints (MDFPs),Mixed,logD_SAMPL8_ShuzheWang_unranked2,3.51,-0.5,4.01
515,SAMPL8-1,Octanol-water,Molecular Dynamics Fingerprints (MDFPs),Mixed,logD_SAMPL8_ShuzheWang_unranked2,3.34,0.8,2.54
516,SAMPL8-16,Cyclohexane-DMF,RFE-uESE-3,Physical (QM),logD_SabatinoRodriguezPaluch_uESE_3,-2.34,-1.3,1.0399999999999998
517,SAMPL8-6,Cyclohexane-DMF,RFE-uESE-3,Physical (QM),logD_SabatinoRodriguezPaluch_uESE_3,-3.93,0.0,3.93
518,SAMPL8-1,Cyclohexane-DMF,RFE-uESE-3,Physical (QM),logD_SabatinoRodriguezPaluch_uESE_3,-1.21,-0.7,0.51
519,SAMPL8-16,TBME-water,RFE-uESE-3,Physical (QM),logD_SabatinoRodriguezPaluch_uESE_3,4.52,-1.2,5.72
520,SAMPL8-10,TBME-water,RFE-uESE-3,Physical (QM),logD_SabatinoRodriguezPaluch_uESE_3,5.52,-0.9,6.42
521,SAMPL8-6,TBME-water,RFE-uESE-3,Physical (QM),logD_SabatinoRodriguezPaluch_uESE_3,2.44,-0.2,2.64
522,SAMPL8-5,TBME-water,RFE-uESE-3,Physical (QM),logD_SabatinoRodriguezPaluch_uESE_3,4.84,0.0,4.84
523,SAMPL8-1,TBME-water,RFE-uESE-3,Physical (QM),logD_SabatinoRodriguezPaluch_uESE_3,6.13,0.1,6.03
524,SAMPL8-17,MEK-water,RFE-uESE-3,Physical (QM),logD_SabatinoRodriguezPaluch_uESE_3,6.44,-0.8,7.24
525,SAMPL8-16,MEK-water,RFE-uESE-3,Physical (QM),logD_SabatinoRodriguezPaluch_uESE_3,4.31,-0.3,4.609999999999999
526,SAMPL8-14,MEK-water,RFE-uESE-3,Physical (QM),logD_SabatinoRodriguezPaluch_uESE_3,-15.1,0.1,15.2
527,SAMPL8-12,MEK-water,RFE-uESE-3,Physical (QM),logD_SabatinoRodriguezPaluch_uESE_3,3.61,-0.4,4.01
528,SAMPL8-10,MEK-water,RFE-uESE-3,Physical (QM),logD_SabatinoRodriguezPaluch_uESE_3,7.92,0.0,7.92
529,SAMPL8-9,MEK-water,RFE-uESE-3,Physical (QM),logD_SabatinoRodriguezPaluch_uESE_3,5.88,0.4,5.4799999999999995
530,SAMPL8-7,MEK-water,RFE-uESE-3,Physical (QM),logD_SabatinoRodriguezPaluch_uESE_3,1.88,-0.4,2.28
531,SAMPL8-6,MEK-water,RFE-uESE-3,Physical (QM),logD_SabatinoRodriguezPaluch_uESE_3,4.39,-0.5,4.89
532,SAMPL8-5,MEK-water,RFE-uESE-3,Physical (QM),logD_SabatinoRodriguezPaluch_uESE_3,7.77,-0.4,8.17
533,SAMPL8-3,MEK-water,RFE-uESE-3,Physical (QM),logD_SabatinoRodriguezPaluch_uESE_3,-30.55,-0.6,29.95
534,SAMPL8-1,MEK-water,RFE-uESE-3,Physical (QM),logD_SabatinoRodriguezPaluch_uESE_3,5.98,-0.2,6.180000000000001
535,SAMPL8-16,Heptane-water,RFE-uESE-3,Physical (QM),logD_SabatinoRodriguezPaluch_uESE_3,1.58,-1.0,2.58
536,SAMPL8-10,Heptane-water,RFE-uESE-3,Physical (QM),logD_SabatinoRodriguezPaluch_uESE_3,2.27,-1.0,3.27
537,SAMPL8-5,Heptane-water,RFE-uESE-3,Physical (QM),logD_SabatinoRodriguezPaluch_uESE_3,2.97,-1.2,4.17
538,SAMPL8-1,Heptane-water,RFE-uESE-3,Physical (QM),logD_SabatinoRodriguezPaluch_uESE_3,4.4,0.0,4.4
539,SAMPL8-17,Ethyl acetate-water,RFE-uESE-3,Physical (QM),logD_SabatinoRodriguezPaluch_uESE_3,6.29,-1.4,7.6899999999999995
540,SAMPL8-16,Ethyl acetate-water,RFE-uESE-3,Physical (QM),logD_SabatinoRodriguezPaluch_uESE_3,5.71,-0.5,6.21
541,SAMPL8-14,Ethyl acetate-water,RFE-uESE-3,Physical (QM),logD_SabatinoRodriguezPaluch_uESE_3,-14.83,-0.8,14.03
542,SAMPL8-12,Ethyl acetate-water,RFE-uESE-3,Physical (QM),logD_SabatinoRodriguezPaluch_uESE_3,4.01,-1.4,5.41
543,SAMPL8-10,Ethyl acetate-water,RFE-uESE-3,Physical (QM),logD_SabatinoRodriguezPaluch_uESE_3,6.98,0.1,6.880000000000001
544,SAMPL8-9,Ethyl acetate-water,RFE-uESE-3,Physical (QM),logD_SabatinoRodriguezPaluch_uESE_3,5.86,-0.8,6.66
545,SAMPL8-6,Ethyl acetate-water,RFE-uESE-3,Physical (QM),logD_SabatinoRodriguezPaluch_uESE_3,3.47,-0.1,3.5700000000000003
546,SAMPL8-5,Ethyl acetate-water,RFE-uESE-3,Physical (QM),logD_SabatinoRodriguezPaluch_uESE_3,5.73,0.1,5.630000000000001
547,SAMPL8-3,Ethyl acetate-water,RFE-uESE-3,Physical (QM),logD_SabatinoRodriguezPaluch_uESE_3,-33.04,-0.8,32.24
548,SAMPL8-1,Ethyl acetate-water,RFE-uESE-3,Physical (QM),logD_SabatinoRodriguezPaluch_uESE_3,6.97,0.3,6.67
549,SAMPL8-5,Cyclohexane-water,RFE-uESE-3,Physical (QM),logD_SabatinoRodriguezPaluch_uESE_3,2.9,-1.1,4.0
550,SAMPL8-16,Octanol-water,RFE-uESE-3,Physical (QM),logD_SabatinoRodriguezPaluch_uESE_3,3.02,-0.4,3.42
551,SAMPL8-14,Octanol-water,RFE-uESE-3,Physical (QM),logD_SabatinoRodriguezPaluch_uESE_3,-18.45,-1.0,17.45
552,SAMPL8-12,Octanol-water,RFE-uESE-3,Physical (QM),logD_SabatinoRodriguezPaluch_uESE_3,1.03,-0.7,1.73
553,SAMPL8-10,Octanol-water,RFE-uESE-3,Physical (QM),logD_SabatinoRodriguezPaluch_uESE_3,2.6,-0.6,3.2
554,SAMPL8-9,Octanol-water,RFE-uESE-3,Physical (QM),logD_SabatinoRodriguezPaluch_uESE_3,2.53,-0.1,2.63
555,SAMPL8-7,Octanol-water,RFE-uESE-3,Physical (QM),logD_SabatinoRodriguezPaluch_uESE_3,-1.17,-1.3,0.13000000000000012
556,SAMPL8-6,Octanol-water,RFE-uESE-3,Physical (QM),logD_SabatinoRodriguezPaluch_uESE_3,1.4,-0.4,1.7999999999999998
557,SAMPL8-5,Octanol-water,RFE-uESE-3,Physical (QM),logD_SabatinoRodriguezPaluch_uESE_3,3.4,-0.5,3.9
558,SAMPL8-1,Octanol-water,RFE-uESE-3,Physical (QM),logD_SabatinoRodriguezPaluch_uESE_3,3.5,0.8,2.7
559,SAMPL8-16,Cyclohexane-DMF,RFE-uESE-2,Physical (QM),logD_SabatinoRodriguezPaluch_uESE_2,-2.34,-1.3,1.0399999999999998
560,SAMPL8-6,Cyclohexane-DMF,RFE-uESE-2,Physical (QM),logD_SabatinoRodriguezPaluch_uESE_2,-3.93,0.0,3.93
561,SAMPL8-1,Cyclohexane-DMF,RFE-uESE-2,Physical (QM),logD_SabatinoRodriguezPaluch_uESE_2,-1.21,-0.7,0.51
562,SAMPL8-16,TBME-water,RFE-uESE-2,Physical (QM),logD_SabatinoRodriguezPaluch_uESE_2,4.68,-1.2,5.88
563,SAMPL8-10,TBME-water,RFE-uESE-2,Physical (QM),logD_SabatinoRodriguezPaluch_uESE_2,5.7,-0.9,6.6000000000000005
564,SAMPL8-6,TBME-water,RFE-uESE-2,Physical (QM),logD_SabatinoRodriguezPaluch_uESE_2,2.56,-0.2,2.7600000000000002
565,SAMPL8-5,TBME-water,RFE-uESE-2,Physical (QM),logD_SabatinoRodriguezPaluch_uESE_2,4.94,0.0,4.94
566,SAMPL8-1,TBME-water,RFE-uESE-2,Physical (QM),logD_SabatinoRodriguezPaluch_uESE_2,5.85,0.1,5.75
567,SAMPL8-17,MEK-water,RFE-uESE-2,Physical (QM),logD_SabatinoRodriguezPaluch_uESE_2,6.44,-0.8,7.24
568,SAMPL8-16,MEK-water,RFE-uESE-2,Physical (QM),logD_SabatinoRodriguezPaluch_uESE_2,4.31,-0.3,4.609999999999999
569,SAMPL8-14,MEK-water,RFE-uESE-2,Physical (QM),logD_SabatinoRodriguezPaluch_uESE_2,-15.1,0.1,15.2
570,SAMPL8-12,MEK-water,RFE-uESE-2,Physical (QM),logD_SabatinoRodriguezPaluch_uESE_2,3.61,-0.4,4.01
571,SAMPL8-10,MEK-water,RFE-uESE-2,Physical (QM),logD_SabatinoRodriguezPaluch_uESE_2,7.92,0.0,7.92
572,SAMPL8-9,MEK-water,RFE-uESE-2,Physical (QM),logD_SabatinoRodriguezPaluch_uESE_2,5.88,0.4,5.4799999999999995
573,SAMPL8-7,MEK-water,RFE-uESE-2,Physical (QM),logD_SabatinoRodriguezPaluch_uESE_2,1.88,-0.4,2.28
574,SAMPL8-6,MEK-water,RFE-uESE-2,Physical (QM),logD_SabatinoRodriguezPaluch_uESE_2,4.39,-0.5,4.89
575,SAMPL8-5,MEK-water,RFE-uESE-2,Physical (QM),logD_SabatinoRodriguezPaluch_uESE_2,7.77,-0.4,8.17
576,SAMPL8-3,MEK-water,RFE-uESE-2,Physical (QM),logD_SabatinoRodriguezPaluch_uESE_2,-30.55,-0.6,29.95
577,SAMPL8-1,MEK-water,RFE-uESE-2,Physical (QM),logD_SabatinoRodriguezPaluch_uESE_2,5.98,-0.2,6.180000000000001
578,SAMPL8-16,Heptane-water,RFE-uESE-2,Physical (QM),logD_SabatinoRodriguezPaluch_uESE_2,1.58,-1.0,2.58
579,SAMPL8-10,Heptane-water,RFE-uESE-2,Physical (QM),logD_SabatinoRodriguezPaluch_uESE_2,2.27,-1.0,3.27
580,SAMPL8-5,Heptane-water,RFE-uESE-2,Physical (QM),logD_SabatinoRodriguezPaluch_uESE_2,2.97,-1.2,4.17
581,SAMPL8-1,Heptane-water,RFE-uESE-2,Physical (QM),logD_SabatinoRodriguezPaluch_uESE_2,4.4,0.0,4.4
582,SAMPL8-17,Ethyl acetate-water,RFE-uESE-2,Physical (QM),logD_SabatinoRodriguezPaluch_uESE_2,6.29,-1.4,7.6899999999999995
583,SAMPL8-16,Ethyl acetate-water,RFE-uESE-2,Physical (QM),logD_SabatinoRodriguezPaluch_uESE_2,5.71,-0.5,6.21
584,SAMPL8-14,Ethyl acetate-water,RFE-uESE-2,Physical (QM),logD_SabatinoRodriguezPaluch_uESE_2,-14.83,-0.8,14.03
585,SAMPL8-12,Ethyl acetate-water,RFE-uESE-2,Physical (QM),logD_SabatinoRodriguezPaluch_uESE_2,4.01,-1.4,5.41
586,SAMPL8-10,Ethyl acetate-water,RFE-uESE-2,Physical (QM),logD_SabatinoRodriguezPaluch_uESE_2,6.98,0.1,6.880000000000001
587,SAMPL8-9,Ethyl acetate-water,RFE-uESE-2,Physical (QM),logD_SabatinoRodriguezPaluch_uESE_2,5.86,-0.8,6.66
588,SAMPL8-6,Ethyl acetate-water,RFE-uESE-2,Physical (QM),logD_SabatinoRodriguezPaluch_uESE_2,3.47,-0.1,3.5700000000000003
589,SAMPL8-5,Ethyl acetate-water,RFE-uESE-2,Physical (QM),logD_SabatinoRodriguezPaluch_uESE_2,5.73,0.1,5.630000000000001
590,SAMPL8-3,Ethyl acetate-water,RFE-uESE-2,Physical (QM),logD_SabatinoRodriguezPaluch_uESE_2,-33.04,-0.8,32.24
591,SAMPL8-1,Ethyl acetate-water,RFE-uESE-2,Physical (QM),logD_SabatinoRodriguezPaluch_uESE_2,6.97,0.3,6.67
592,SAMPL8-5,Cyclohexane-water,RFE-uESE-2,Physical (QM),logD_SabatinoRodriguezPaluch_uESE_2,2.9,-1.1,4.0
593,SAMPL8-16,Octanol-water,RFE-uESE-2,Physical (QM),logD_SabatinoRodriguezPaluch_uESE_2,3.02,-0.4,3.42
594,SAMPL8-14,Octanol-water,RFE-uESE-2,Physical (QM),logD_SabatinoRodriguezPaluch_uESE_2,-18.45,-1.0,17.45
595,SAMPL8-12,Octanol-water,RFE-uESE-2,Physical (QM),logD_SabatinoRodriguezPaluch_uESE_2,1.03,-0.7,1.73
596,SAMPL8-10,Octanol-water,RFE-uESE-2,Physical (QM),logD_SabatinoRodriguezPaluch_uESE_2,2.6,-0.6,3.2
597,SAMPL8-9,Octanol-water,RFE-uESE-2,Physical (QM),logD_SabatinoRodriguezPaluch_uESE_2,2.53,-0.1,2.63
598,SAMPL8-7,Octanol-water,RFE-uESE-2,Physical (QM),logD_SabatinoRodriguezPaluch_uESE_2,-1.17,-1.3,0.13000000000000012
599,SAMPL8-6,Octanol-water,RFE-uESE-2,Physical (QM),logD_SabatinoRodriguezPaluch_uESE_2,1.4,-0.4,1.7999999999999998
600,SAMPL8-5,Octanol-water,RFE-uESE-2,Physical (QM),logD_SabatinoRodriguezPaluch_uESE_2,3.4,-0.5,3.9
601,SAMPL8-1,Octanol-water,RFE-uESE-2,Physical (QM),logD_SabatinoRodriguezPaluch_uESE_2,3.5,0.8,2.7
602,SAMPL8-16,Cyclohexane-DMF,UFZ-LSER,Empirical,logD_OllierTranPaluch_UFZ_LSER_exp,-4.33,-1.3,3.0300000000000002
603,SAMPL8-6,Cyclohexane-DMF,UFZ-LSER,Empirical,logD_OllierTranPaluch_UFZ_LSER_exp,-4.34,0.0,4.34
604,SAMPL8-1,Cyclohexane-DMF,UFZ-LSER,Empirical,logD_OllierTranPaluch_UFZ_LSER_exp,-4.64,-0.7,3.9399999999999995
605,SAMPL8-16,TBME-water,UFZ-LSER,Empirical,logD_OllierTranPaluch_UFZ_LSER_exp,-0.06,-1.2,1.14
606,SAMPL8-10,TBME-water,UFZ-LSER,Empirical,logD_OllierTranPaluch_UFZ_LSER_exp,-1.36,-0.9,0.4600000000000001
607,SAMPL8-6,TBME-water,UFZ-LSER,Empirical,logD_OllierTranPaluch_UFZ_LSER_exp,-0.99,-0.2,0.79
608,SAMPL8-5,TBME-water,UFZ-LSER,Empirical,logD_OllierTranPaluch_UFZ_LSER_exp,-0.48,0.0,0.48
609,SAMPL8-1,TBME-water,UFZ-LSER,Empirical,logD_OllierTranPaluch_UFZ_LSER_exp,2.12,0.1,2.02
610,SAMPL8-17,MEK-water,UFZ-LSER,Empirical,logD_OllierTranPaluch_UFZ_LSER_exp,-1.21,-0.8,0.4099999999999999
611,SAMPL8-16,MEK-water,UFZ-LSER,Empirical,logD_OllierTranPaluch_UFZ_LSER_exp,0.69,-0.3,0.99
612,SAMPL8-14,MEK-water,UFZ-LSER,Empirical,logD_OllierTranPaluch_UFZ_LSER_exp,-1.37,0.1,1.4700000000000002
613,SAMPL8-12,MEK-water,UFZ-LSER,Empirical,logD_OllierTranPaluch_UFZ_LSER_exp,-2.33,-0.4,1.9300000000000002
614,SAMPL8-10,MEK-water,UFZ-LSER,Empirical,logD_OllierTranPaluch_UFZ_LSER_exp,0.06,0.0,0.06
615,SAMPL8-9,MEK-water,UFZ-LSER,Empirical,logD_OllierTranPaluch_UFZ_LSER_exp,-1.37,0.4,1.77
616,SAMPL8-7,MEK-water,UFZ-LSER,Empirical,logD_OllierTranPaluch_UFZ_LSER_exp,-3.93,-0.4,3.5300000000000002
617,SAMPL8-6,MEK-water,UFZ-LSER,Empirical,logD_OllierTranPaluch_UFZ_LSER_exp,-0.19,-0.5,0.31
618,SAMPL8-5,MEK-water,UFZ-LSER,Empirical,logD_OllierTranPaluch_UFZ_LSER_exp,0.59,-0.4,0.99
619,SAMPL8-3,MEK-water,UFZ-LSER,Empirical,logD_OllierTranPaluch_UFZ_LSER_exp,-6.05,-0.6,5.45
620,SAMPL8-1,MEK-water,UFZ-LSER,Empirical,logD_OllierTranPaluch_UFZ_LSER_exp,2.76,-0.2,2.96
621,SAMPL8-16,Heptane-water,UFZ-LSER,Empirical,logD_OllierTranPaluch_UFZ_LSER_exp,-2.86,-1.0,1.8599999999999999
622,SAMPL8-10,Heptane-water,UFZ-LSER,Empirical,logD_OllierTranPaluch_UFZ_LSER_exp,-3.19,-1.0,2.19
623,SAMPL8-5,Heptane-water,UFZ-LSER,Empirical,logD_OllierTranPaluch_UFZ_LSER_exp,-3.16,-1.2,1.9600000000000002
624,SAMPL8-1,Heptane-water,UFZ-LSER,Empirical,logD_OllierTranPaluch_UFZ_LSER_exp,-0.97,0.0,0.97
625,SAMPL8-17,Ethyl acetate-water,UFZ-LSER,Empirical,logD_OllierTranPaluch_UFZ_LSER_exp,-1.32,-1.4,0.07999999999999985
626,SAMPL8-16,Ethyl acetate-water,UFZ-LSER,Empirical,logD_OllierTranPaluch_UFZ_LSER_exp,0.33,-0.5,0.8300000000000001
627,SAMPL8-14,Ethyl acetate-water,UFZ-LSER,Empirical,logD_OllierTranPaluch_UFZ_LSER_exp,-1.65,-0.8,0.8499999999999999
628,SAMPL8-12,Ethyl acetate-water,UFZ-LSER,Empirical,logD_OllierTranPaluch_UFZ_LSER_exp,-2.67,-1.4,1.27
629,SAMPL8-10,Ethyl acetate-water,UFZ-LSER,Empirical,logD_OllierTranPaluch_UFZ_LSER_exp,-1.02,0.1,1.12
630,SAMPL8-9,Ethyl acetate-water,UFZ-LSER,Empirical,logD_OllierTranPaluch_UFZ_LSER_exp,-1.55,-0.8,0.75
631,SAMPL8-6,Ethyl acetate-water,UFZ-LSER,Empirical,logD_OllierTranPaluch_UFZ_LSER_exp,-0.62,-0.1,0.52
632,SAMPL8-5,Ethyl acetate-water,UFZ-LSER,Empirical,logD_OllierTranPaluch_UFZ_LSER_exp,-0.25,0.1,0.35
633,SAMPL8-3,Ethyl acetate-water,UFZ-LSER,Empirical,logD_OllierTranPaluch_UFZ_LSER_exp,-5.96,-0.8,5.16
634,SAMPL8-1,Ethyl acetate-water,UFZ-LSER,Empirical,logD_OllierTranPaluch_UFZ_LSER_exp,1.98,0.3,1.68
635,SAMPL8-5,Cyclohexane-water,UFZ-LSER,Empirical,logD_OllierTranPaluch_UFZ_LSER_exp,-2.72,-1.1,1.62
636,SAMPL8-16,Octanol-water,UFZ-LSER,Empirical,logD_OllierTranPaluch_UFZ_LSER_exp,0.68,-0.4,1.08
637,SAMPL8-14,Octanol-water,UFZ-LSER,Empirical,logD_OllierTranPaluch_UFZ_LSER_exp,-1.06,-1.0,0.06000000000000005
638,SAMPL8-12,Octanol-water,UFZ-LSER,Empirical,logD_OllierTranPaluch_UFZ_LSER_exp,-2.1,-0.7,1.4000000000000001
639,SAMPL8-10,Octanol-water,UFZ-LSER,Empirical,logD_OllierTranPaluch_UFZ_LSER_exp,-0.72,-0.6,0.12
640,SAMPL8-9,Octanol-water,UFZ-LSER,Empirical,logD_OllierTranPaluch_UFZ_LSER_exp,-1.05,-0.1,0.9500000000000001
641,SAMPL8-7,Octanol-water,UFZ-LSER,Empirical,logD_OllierTranPaluch_UFZ_LSER_exp,-3.28,-1.3,1.9799999999999998
642,SAMPL8-6,Octanol-water,UFZ-LSER,Empirical,logD_OllierTranPaluch_UFZ_LSER_exp,-0.43,-0.4,0.02999999999999997
643,SAMPL8-5,Octanol-water,UFZ-LSER,Empirical,logD_OllierTranPaluch_UFZ_LSER_exp,-0.39,-0.5,0.10999999999999999
644,SAMPL8-1,Octanol-water,UFZ-LSER,Empirical,logD_OllierTranPaluch_UFZ_LSER_exp,1.75,0.8,0.95
645,SAMPL8-16,Cyclohexane-DMF,"M06LLogD8,4",Physical (QM),logD-davyguan-1,-3.27,-1.3,1.97
646,SAMPL8-6,Cyclohexane-DMF,"M06LLogD8,4",Physical (QM),logD-davyguan-1,-7.38,0.0,7.38
647,SAMPL8-1,Cyclohexane-DMF,"M06LLogD8,4",Physical (QM),logD-davyguan-1,-4.89,-0.7,4.1899999999999995
648,SAMPL8-16,TBME-water,"M06LLogD8,4",Physical (QM),logD-davyguan-1,-0.58,-1.2,0.62
649,SAMPL8-10,TBME-water,"M06LLogD8,4",Physical (QM),logD-davyguan-1,-0.94,-0.9,0.039999999999999925
650,SAMPL8-6,TBME-water,"M06LLogD8,4",Physical (QM),logD-davyguan-1,-2.62,-0.2,2.42
651,SAMPL8-5,TBME-water,"M06LLogD8,4",Physical (QM),logD-davyguan-1,-0.06,0.0,0.06
652,SAMPL8-1,TBME-water,"M06LLogD8,4",Physical (QM),logD-davyguan-1,-0.57,0.1,0.6699999999999999
653,SAMPL8-17,MEK-water,"M06LLogD8,4",Physical (QM),logD-davyguan-1,-0.23,-0.8,0.5700000000000001
654,SAMPL8-16,MEK-water,"M06LLogD8,4",Physical (QM),logD-davyguan-1,2.2,-0.3,2.5
655,SAMPL8-14,MEK-water,"M06LLogD8,4",Physical (QM),logD-davyguan-1,2.4,0.1,2.3
656,SAMPL8-12,MEK-water,"M06LLogD8,4",Physical (QM),logD-davyguan-1,3.25,-0.4,3.65
657,SAMPL8-10,MEK-water,"M06LLogD8,4",Physical (QM),logD-davyguan-1,2.05,0.0,2.05
658,SAMPL8-9,MEK-water,"M06LLogD8,4",Physical (QM),logD-davyguan-1,2.48,0.4,2.08
659,SAMPL8-7,MEK-water,"M06LLogD8,4",Physical (QM),logD-davyguan-1,1.08,-0.4,1.48
660,SAMPL8-6,MEK-water,"M06LLogD8,4",Physical (QM),logD-davyguan-1,0.29,-0.5,0.79
661,SAMPL8-5,MEK-water,"M06LLogD8,4",Physical (QM),logD-davyguan-1,1.62,-0.4,2.02
662,SAMPL8-3,MEK-water,"M06LLogD8,4",Physical (QM),logD-davyguan-1,-1.09,-0.6,0.4900000000000001
663,SAMPL8-1,MEK-water,"M06LLogD8,4",Physical (QM),logD-davyguan-1,1.0,-0.2,1.2
664,SAMPL8-16,Heptane-water,"M06LLogD8,4",Physical (QM),logD-davyguan-1,-0.94,-1.0,0.06000000000000005
665,SAMPL8-10,Heptane-water,"M06LLogD8,4",Physical (QM),logD-davyguan-1,-1.84,-1.0,0.8400000000000001
666,SAMPL8-5,Heptane-water,"M06LLogD8,4",Physical (QM),logD-davyguan-1,-0.28,-1.2,0.9199999999999999
667,SAMPL8-1,Heptane-water,"M06LLogD8,4",Physical (QM),logD-davyguan-1,-0.65,0.0,0.65
668,SAMPL8-17,Ethyl acetate-water,"M06LLogD8,4",Physical (QM),logD-davyguan-1,-1.65,-1.4,0.25
669,SAMPL8-16,Ethyl acetate-water,"M06LLogD8,4",Physical (QM),logD-davyguan-1,1.18,-0.5,1.68
670,SAMPL8-14,Ethyl acetate-water,"M06LLogD8,4",Physical (QM),logD-davyguan-1,0.93,-0.8,1.73
671,SAMPL8-12,Ethyl acetate-water,"M06LLogD8,4",Physical (QM),logD-davyguan-1,2.44,-1.4,3.84
672,SAMPL8-10,Ethyl acetate-water,"M06LLogD8,4",Physical (QM),logD-davyguan-1,0.08,0.1,0.020000000000000004
673,SAMPL8-9,Ethyl acetate-water,"M06LLogD8,4",Physical (QM),logD-davyguan-1,1.16,-0.8,1.96
674,SAMPL8-6,Ethyl acetate-water,"M06LLogD8,4",Physical (QM),logD-davyguan-1,-0.9,-0.1,0.8
675,SAMPL8-5,Ethyl acetate-water,"M06LLogD8,4",Physical (QM),logD-davyguan-1,0.92,0.1,0.8200000000000001
676,SAMPL8-3,Ethyl acetate-water,"M06LLogD8,4",Physical (QM),logD-davyguan-1,-2.6,-0.8,1.8
677,SAMPL8-1,Ethyl acetate-water,"M06LLogD8,4",Physical (QM),logD-davyguan-1,0.41,0.3,0.10999999999999999
678,SAMPL8-5,Cyclohexane-water,"M06LLogD8,4",Physical (QM),logD-davyguan-1,-0.28,-1.1,0.8200000000000001
679,SAMPL8-16,Octanol-water,"M06LLogD8,4",Physical (QM),logD-davyguan-1,0.71,-0.4,1.1099999999999999
680,SAMPL8-14,Octanol-water,"M06LLogD8,4",Physical (QM),logD-davyguan-1,0.35,-1.0,1.35
681,SAMPL8-12,Octanol-water,"M06LLogD8,4",Physical (QM),logD-davyguan-1,0.47,-0.7,1.17
682,SAMPL8-10,Octanol-water,"M06LLogD8,4",Physical (QM),logD-davyguan-1,-0.53,-0.6,0.06999999999999995
683,SAMPL8-9,Octanol-water,"M06LLogD8,4",Physical (QM),logD-davyguan-1,0.72,-0.1,0.82
684,SAMPL8-7,Octanol-water,"M06LLogD8,4",Physical (QM),logD-davyguan-1,-0.34,-1.3,0.96
685,SAMPL8-6,Octanol-water,"M06LLogD8,4",Physical (QM),logD-davyguan-1,-1.35,-0.4,0.9500000000000001
686,SAMPL8-5,Octanol-water,"M06LLogD8,4",Physical (QM),logD-davyguan-1,0.19,-0.5,0.69
687,SAMPL8-1,Octanol-water,"M06LLogD8,4",Physical (QM),logD-davyguan-1,-0.65,0.8,1.4500000000000002
688,SAMPL8-16,Cyclohexane-DMF,RFE-uESE,Physical (QM),logD_SabatinoRodriguezPaluch_uESE,-2.34,-1.3,1.0399999999999998
689,SAMPL8-6,Cyclohexane-DMF,RFE-uESE,Physical (QM),logD_SabatinoRodriguezPaluch_uESE,-3.93,0.0,3.93
690,SAMPL8-1,Cyclohexane-DMF,RFE-uESE,Physical (QM),logD_SabatinoRodriguezPaluch_uESE,-1.21,-0.7,0.51
691,SAMPL8-16,TBME-water,RFE-uESE,Physical (QM),logD_SabatinoRodriguezPaluch_uESE,4.68,-1.2,5.88
692,SAMPL8-10,TBME-water,RFE-uESE,Physical (QM),logD_SabatinoRodriguezPaluch_uESE,5.7,-0.9,6.6000000000000005
693,SAMPL8-6,TBME-water,RFE-uESE,Physical (QM),logD_SabatinoRodriguezPaluch_uESE,2.56,-0.2,2.7600000000000002
694,SAMPL8-5,TBME-water,RFE-uESE,Physical (QM),logD_SabatinoRodriguezPaluch_uESE,4.94,0.0,4.94
695,SAMPL8-1,TBME-water,RFE-uESE,Physical (QM),logD_SabatinoRodriguezPaluch_uESE,6.22,0.1,6.12
696,SAMPL8-17,MEK-water,RFE-uESE,Physical (QM),logD_SabatinoRodriguezPaluch_uESE,6.44,-0.8,7.24
697,SAMPL8-16,MEK-water,RFE-uESE,Physical (QM),logD_SabatinoRodriguezPaluch_uESE,4.31,-0.3,4.609999999999999
698,SAMPL8-14,MEK-water,RFE-uESE,Physical (QM),logD_SabatinoRodriguezPaluch_uESE,-8.72,0.1,8.82
699,SAMPL8-12,MEK-water,RFE-uESE,Physical (QM),logD_SabatinoRodriguezPaluch_uESE,6.9,-0.4,7.300000000000001
700,SAMPL8-10,MEK-water,RFE-uESE,Physical (QM),logD_SabatinoRodriguezPaluch_uESE,7.92,0.0,7.92
701,SAMPL8-9,MEK-water,RFE-uESE,Physical (QM),logD_SabatinoRodriguezPaluch_uESE,5.88,0.4,5.4799999999999995
702,SAMPL8-7,MEK-water,RFE-uESE,Physical (QM),logD_SabatinoRodriguezPaluch_uESE,1.88,-0.4,2.28
703,SAMPL8-6,MEK-water,RFE-uESE,Physical (QM),logD_SabatinoRodriguezPaluch_uESE,4.39,-0.5,4.89
704,SAMPL8-5,MEK-water,RFE-uESE,Physical (QM),logD_SabatinoRodriguezPaluch_uESE,7.77,-0.4,8.17
705,SAMPL8-3,MEK-water,RFE-uESE,Physical (QM),logD_SabatinoRodriguezPaluch_uESE,-30.55,-0.6,29.95
706,SAMPL8-1,MEK-water,RFE-uESE,Physical (QM),logD_SabatinoRodriguezPaluch_uESE,5.98,-0.2,6.180000000000001
707,SAMPL8-16,Heptane-water,RFE-uESE,Physical (QM),logD_SabatinoRodriguezPaluch_uESE,1.58,-1.0,2.58
708,SAMPL8-10,Heptane-water,RFE-uESE,Physical (QM),logD_SabatinoRodriguezPaluch_uESE,2.27,-1.0,3.27
709,SAMPL8-5,Heptane-water,RFE-uESE,Physical (QM),logD_SabatinoRodriguezPaluch_uESE,2.97,-1.2,4.17
710,SAMPL8-1,Heptane-water,RFE-uESE,Physical (QM),logD_SabatinoRodriguezPaluch_uESE,4.4,0.0,4.4
711,SAMPL8-17,Ethyl acetate-water,RFE-uESE,Physical (QM),logD_SabatinoRodriguezPaluch_uESE,6.29,-1.4,7.6899999999999995
712,SAMPL8-16,Ethyl acetate-water,RFE-uESE,Physical (QM),logD_SabatinoRodriguezPaluch_uESE,5.71,-0.5,6.21
713,SAMPL8-14,Ethyl acetate-water,RFE-uESE,Physical (QM),logD_SabatinoRodriguezPaluch_uESE,-8.44,-0.8,7.64
714,SAMPL8-12,Ethyl acetate-water,RFE-uESE,Physical (QM),logD_SabatinoRodriguezPaluch_uESE,7.3,-1.4,8.7
715,SAMPL8-10,Ethyl acetate-water,RFE-uESE,Physical (QM),logD_SabatinoRodriguezPaluch_uESE,6.98,0.1,6.880000000000001
716,SAMPL8-9,Ethyl acetate-water,RFE-uESE,Physical (QM),logD_SabatinoRodriguezPaluch_uESE,5.86,-0.8,6.66
717,SAMPL8-6,Ethyl acetate-water,RFE-uESE,Physical (QM),logD_SabatinoRodriguezPaluch_uESE,3.47,-0.1,3.5700000000000003
718,SAMPL8-5,Ethyl acetate-water,RFE-uESE,Physical (QM),logD_SabatinoRodriguezPaluch_uESE,5.73,0.1,5.630000000000001
719,SAMPL8-3,Ethyl acetate-water,RFE-uESE,Physical (QM),logD_SabatinoRodriguezPaluch_uESE,-33.04,-0.8,32.24
720,SAMPL8-1,Ethyl acetate-water,RFE-uESE,Physical (QM),logD_SabatinoRodriguezPaluch_uESE,6.97,0.3,6.67
721,SAMPL8-5,Cyclohexane-water,RFE-uESE,Physical (QM),logD_SabatinoRodriguezPaluch_uESE,2.9,-1.1,4.0
722,SAMPL8-16,Octanol-water,RFE-uESE,Physical (QM),logD_SabatinoRodriguezPaluch_uESE,3.02,-0.4,3.42
723,SAMPL8-14,Octanol-water,RFE-uESE,Physical (QM),logD_SabatinoRodriguezPaluch_uESE,-12.07,-1.0,11.07
724,SAMPL8-12,Octanol-water,RFE-uESE,Physical (QM),logD_SabatinoRodriguezPaluch_uESE,4.32,-0.7,5.0200000000000005
725,SAMPL8-10,Octanol-water,RFE-uESE,Physical (QM),logD_SabatinoRodriguezPaluch_uESE,2.6,-0.6,3.2
726,SAMPL8-9,Octanol-water,RFE-uESE,Physical (QM),logD_SabatinoRodriguezPaluch_uESE,2.53,-0.1,2.63
727,SAMPL8-7,Octanol-water,RFE-uESE,Physical (QM),logD_SabatinoRodriguezPaluch_uESE,-1.17,-1.3,0.13000000000000012
728,SAMPL8-6,Octanol-water,RFE-uESE,Physical (QM),logD_SabatinoRodriguezPaluch_uESE,1.4,-0.4,1.7999999999999998
729,SAMPL8-5,Octanol-water,RFE-uESE,Physical (QM),logD_SabatinoRodriguezPaluch_uESE,3.4,-0.5,3.9
730,SAMPL8-1,Octanol-water,RFE-uESE,Physical (QM),logD_SabatinoRodriguezPaluch_uESE,3.5,0.8,2.7
731,SAMPL8-16,Cyclohexane-DMF,RFE-uESE-exp-3,Physical (QM),logD_SabatinoRodriguezPaluch_uESE_exp_3,-2.34,-1.3,1.0399999999999998
732,SAMPL8-6,Cyclohexane-DMF,RFE-uESE-exp-3,Physical (QM),logD_SabatinoRodriguezPaluch_uESE_exp_3,-3.93,0.0,3.93
733,SAMPL8-1,Cyclohexane-DMF,RFE-uESE-exp-3,Physical (QM),logD_SabatinoRodriguezPaluch_uESE_exp_3,-1.21,-0.7,0.51
734,SAMPL8-16,TBME-water,RFE-uESE-exp-3,Physical (QM),logD_SabatinoRodriguezPaluch_uESE_exp_3,3.21,-1.2,4.41
735,SAMPL8-10,TBME-water,RFE-uESE-exp-3,Physical (QM),logD_SabatinoRodriguezPaluch_uESE_exp_3,4.43,-0.9,5.33
736,SAMPL8-6,TBME-water,RFE-uESE-exp-3,Physical (QM),logD_SabatinoRodriguezPaluch_uESE_exp_3,0.68,-0.2,0.8800000000000001
737,SAMPL8-5,TBME-water,RFE-uESE-exp-3,Physical (QM),logD_SabatinoRodriguezPaluch_uESE_exp_3,1.23,0.0,1.23
738,SAMPL8-1,TBME-water,RFE-uESE-exp-3,Physical (QM),logD_SabatinoRodriguezPaluch_uESE_exp_3,3.64,0.1,3.54
739,SAMPL8-17,MEK-water,RFE-uESE-exp-3,Physical (QM),logD_SabatinoRodriguezPaluch_uESE_exp_3,5.09,-0.8,5.89
740,SAMPL8-16,MEK-water,RFE-uESE-exp-3,Physical (QM),logD_SabatinoRodriguezPaluch_uESE_exp_3,3.0,-0.3,3.3
741,SAMPL8-14,MEK-water,RFE-uESE-exp-3,Physical (QM),logD_SabatinoRodriguezPaluch_uESE_exp_3,3.6,0.1,3.5
742,SAMPL8-12,MEK-water,RFE-uESE-exp-3,Physical (QM),logD_SabatinoRodriguezPaluch_uESE_exp_3,2.92,-0.4,3.32
743,SAMPL8-10,MEK-water,RFE-uESE-exp-3,Physical (QM),logD_SabatinoRodriguezPaluch_uESE_exp_3,6.83,0.0,6.83
744,SAMPL8-9,MEK-water,RFE-uESE-exp-3,Physical (QM),logD_SabatinoRodriguezPaluch_uESE_exp_3,5.76,0.4,5.359999999999999
745,SAMPL8-7,MEK-water,RFE-uESE-exp-3,Physical (QM),logD_SabatinoRodriguezPaluch_uESE_exp_3,4.14,-0.4,4.54
746,SAMPL8-6,MEK-water,RFE-uESE-exp-3,Physical (QM),logD_SabatinoRodriguezPaluch_uESE_exp_3,2.63,-0.5,3.13
747,SAMPL8-5,MEK-water,RFE-uESE-exp-3,Physical (QM),logD_SabatinoRodriguezPaluch_uESE_exp_3,4.16,-0.4,4.5600000000000005
748,SAMPL8-3,MEK-water,RFE-uESE-exp-3,Physical (QM),logD_SabatinoRodriguezPaluch_uESE_exp_3,3.25,-0.6,3.85
749,SAMPL8-1,MEK-water,RFE-uESE-exp-3,Physical (QM),logD_SabatinoRodriguezPaluch_uESE_exp_3,3.49,-0.2,3.6900000000000004
750,SAMPL8-16,Heptane-water,RFE-uESE-exp-3,Physical (QM),logD_SabatinoRodriguezPaluch_uESE_exp_3,0.27,-1.0,1.27
751,SAMPL8-10,Heptane-water,RFE-uESE-exp-3,Physical (QM),logD_SabatinoRodriguezPaluch_uESE_exp_3,1.18,-1.0,2.1799999999999997
752,SAMPL8-5,Heptane-water,RFE-uESE-exp-3,Physical (QM),logD_SabatinoRodriguezPaluch_uESE_exp_3,-0.63,-1.2,0.57
753,SAMPL8-1,Heptane-water,RFE-uESE-exp-3,Physical (QM),logD_SabatinoRodriguezPaluch_uESE_exp_3,1.91,0.0,1.91
754,SAMPL8-17,Ethyl acetate-water,RFE-uESE-exp-3,Physical (QM),logD_SabatinoRodriguezPaluch_uESE_exp_3,4.94,-1.4,6.34
755,SAMPL8-16,Ethyl acetate-water,RFE-uESE-exp-3,Physical (QM),logD_SabatinoRodriguezPaluch_uESE_exp_3,4.4,-0.5,4.9
756,SAMPL8-14,Ethyl acetate-water,RFE-uESE-exp-3,Physical (QM),logD_SabatinoRodriguezPaluch_uESE_exp_3,3.88,-0.8,4.68
757,SAMPL8-12,Ethyl acetate-water,RFE-uESE-exp-3,Physical (QM),logD_SabatinoRodriguezPaluch_uESE_exp_3,3.32,-1.4,4.72
758,SAMPL8-10,Ethyl acetate-water,RFE-uESE-exp-3,Physical (QM),logD_SabatinoRodriguezPaluch_uESE_exp_3,5.89,0.1,5.79
759,SAMPL8-9,Ethyl acetate-water,RFE-uESE-exp-3,Physical (QM),logD_SabatinoRodriguezPaluch_uESE_exp_3,5.75,-0.8,6.55
760,SAMPL8-6,Ethyl acetate-water,RFE-uESE-exp-3,Physical (QM),logD_SabatinoRodriguezPaluch_uESE_exp_3,1.72,-0.1,1.82
761,SAMPL8-5,Ethyl acetate-water,RFE-uESE-exp-3,Physical (QM),logD_SabatinoRodriguezPaluch_uESE_exp_3,2.13,0.1,2.03
762,SAMPL8-3,Ethyl acetate-water,RFE-uESE-exp-3,Physical (QM),logD_SabatinoRodriguezPaluch_uESE_exp_3,0.75,-0.8,1.55
763,SAMPL8-1,Ethyl acetate-water,RFE-uESE-exp-3,Physical (QM),logD_SabatinoRodriguezPaluch_uESE_exp_3,4.48,0.3,4.180000000000001
764,SAMPL8-5,Cyclohexane-water,RFE-uESE-exp-3,Physical (QM),logD_SabatinoRodriguezPaluch_uESE_exp_3,-0.7,-1.1,0.40000000000000013
765,SAMPL8-16,Octanol-water,RFE-uESE-exp-3,Physical (QM),logD_SabatinoRodriguezPaluch_uESE_exp_3,1.7,-0.4,2.1
766,SAMPL8-14,Octanol-water,RFE-uESE-exp-3,Physical (QM),logD_SabatinoRodriguezPaluch_uESE_exp_3,0.25,-1.0,1.25
767,SAMPL8-12,Octanol-water,RFE-uESE-exp-3,Physical (QM),logD_SabatinoRodriguezPaluch_uESE_exp_3,0.34,-0.7,1.04
768,SAMPL8-10,Octanol-water,RFE-uESE-exp-3,Physical (QM),logD_SabatinoRodriguezPaluch_uESE_exp_3,1.51,-0.6,2.11
769,SAMPL8-9,Octanol-water,RFE-uESE-exp-3,Physical (QM),logD_SabatinoRodriguezPaluch_uESE_exp_3,2.41,-0.1,2.5100000000000002
770,SAMPL8-7,Octanol-water,RFE-uESE-exp-3,Physical (QM),logD_SabatinoRodriguezPaluch_uESE_exp_3,1.09,-1.3,2.39
771,SAMPL8-6,Octanol-water,RFE-uESE-exp-3,Physical (QM),logD_SabatinoRodriguezPaluch_uESE_exp_3,-0.35,-0.4,0.050000000000000044
772,SAMPL8-5,Octanol-water,RFE-uESE-exp-3,Physical (QM),logD_SabatinoRodriguezPaluch_uESE_exp_3,-0.21,-0.5,0.29000000000000004
773,SAMPL8-1,Octanol-water,RFE-uESE-exp-3,Physical (QM),logD_SabatinoRodriguezPaluch_uESE_exp_3,1.01,0.8,0.20999999999999996
774,SAMPL8-16,Cyclohexane-DMF,RFE-uESE-exp-2,Physical (QM),logD_SabatinoRodriguezPaluch_uESE_exp_2,-2.34,-1.3,1.0399999999999998
775,SAMPL8-6,Cyclohexane-DMF,RFE-uESE-exp-2,Physical (QM),logD_SabatinoRodriguezPaluch_uESE_exp_2,-3.93,0.0,3.93
776,SAMPL8-1,Cyclohexane-DMF,RFE-uESE-exp-2,Physical (QM),logD_SabatinoRodriguezPaluch_uESE_exp_2,-1.21,-0.7,0.51
777,SAMPL8-16,TBME-water,RFE-uESE-exp-2,Physical (QM),logD_SabatinoRodriguezPaluch_uESE_exp_2,3.37,-1.2,4.57
778,SAMPL8-10,TBME-water,RFE-uESE-exp-2,Physical (QM),logD_SabatinoRodriguezPaluch_uESE_exp_2,4.61,-0.9,5.510000000000001
779,SAMPL8-6,TBME-water,RFE-uESE-exp-2,Physical (QM),logD_SabatinoRodriguezPaluch_uESE_exp_2,0.81,-0.2,1.01
780,SAMPL8-5,TBME-water,RFE-uESE-exp-2,Physical (QM),logD_SabatinoRodriguezPaluch_uESE_exp_2,1.33,0.0,1.33
781,SAMPL8-1,TBME-water,RFE-uESE-exp-2,Physical (QM),logD_SabatinoRodriguezPaluch_uESE_exp_2,3.36,0.1,3.26
782,SAMPL8-17,MEK-water,RFE-uESE-exp-2,Physical (QM),logD_SabatinoRodriguezPaluch_uESE_exp_2,5.09,-0.8,5.89
783,SAMPL8-16,MEK-water,RFE-uESE-exp-2,Physical (QM),logD_SabatinoRodriguezPaluch_uESE_exp_2,3.0,-0.3,3.3
784,SAMPL8-14,MEK-water,RFE-uESE-exp-2,Physical (QM),logD_SabatinoRodriguezPaluch_uESE_exp_2,3.6,0.1,3.5
785,SAMPL8-12,MEK-water,RFE-uESE-exp-2,Physical (QM),logD_SabatinoRodriguezPaluch_uESE_exp_2,2.92,-0.4,3.32
786,SAMPL8-10,MEK-water,RFE-uESE-exp-2,Physical (QM),logD_SabatinoRodriguezPaluch_uESE_exp_2,6.83,0.0,6.83
787,SAMPL8-9,MEK-water,RFE-uESE-exp-2,Physical (QM),logD_SabatinoRodriguezPaluch_uESE_exp_2,5.76,0.4,5.359999999999999
788,SAMPL8-7,MEK-water,RFE-uESE-exp-2,Physical (QM),logD_SabatinoRodriguezPaluch_uESE_exp_2,4.14,-0.4,4.54
789,SAMPL8-6,MEK-water,RFE-uESE-exp-2,Physical (QM),logD_SabatinoRodriguezPaluch_uESE_exp_2,2.63,-0.5,3.13
790,SAMPL8-5,MEK-water,RFE-uESE-exp-2,Physical (QM),logD_SabatinoRodriguezPaluch_uESE_exp_2,4.16,-0.4,4.5600000000000005
791,SAMPL8-3,MEK-water,RFE-uESE-exp-2,Physical (QM),logD_SabatinoRodriguezPaluch_uESE_exp_2,3.25,-0.6,3.85
792,SAMPL8-1,MEK-water,RFE-uESE-exp-2,Physical (QM),logD_SabatinoRodriguezPaluch_uESE_exp_2,3.49,-0.2,3.6900000000000004
793,SAMPL8-16,Heptane-water,RFE-uESE-exp-2,Physical (QM),logD_SabatinoRodriguezPaluch_uESE_exp_2,0.27,-1.0,1.27
794,SAMPL8-10,Heptane-water,RFE-uESE-exp-2,Physical (QM),logD_SabatinoRodriguezPaluch_uESE_exp_2,1.18,-1.0,2.1799999999999997
795,SAMPL8-5,Heptane-water,RFE-uESE-exp-2,Physical (QM),logD_SabatinoRodriguezPaluch_uESE_exp_2,-0.63,-1.2,0.57
796,SAMPL8-1,Heptane-water,RFE-uESE-exp-2,Physical (QM),logD_SabatinoRodriguezPaluch_uESE_exp_2,1.91,0.0,1.91
797,SAMPL8-17,Ethyl acetate-water,RFE-uESE-exp-2,Physical (QM),logD_SabatinoRodriguezPaluch_uESE_exp_2,4.94,-1.4,6.34
798,SAMPL8-16,Ethyl acetate-water,RFE-uESE-exp-2,Physical (QM),logD_SabatinoRodriguezPaluch_uESE_exp_2,4.4,-0.5,4.9
799,SAMPL8-14,Ethyl acetate-water,RFE-uESE-exp-2,Physical (QM),logD_SabatinoRodriguezPaluch_uESE_exp_2,3.88,-0.8,4.68
800,SAMPL8-12,Ethyl acetate-water,RFE-uESE-exp-2,Physical (QM),logD_SabatinoRodriguezPaluch_uESE_exp_2,3.32,-1.4,4.72
801,SAMPL8-10,Ethyl acetate-water,RFE-uESE-exp-2,Physical (QM),logD_SabatinoRodriguezPaluch_uESE_exp_2,5.89,0.1,5.79
802,SAMPL8-9,Ethyl acetate-water,RFE-uESE-exp-2,Physical (QM),logD_SabatinoRodriguezPaluch_uESE_exp_2,5.75,-0.8,6.55
803,SAMPL8-6,Ethyl acetate-water,RFE-uESE-exp-2,Physical (QM),logD_SabatinoRodriguezPaluch_uESE_exp_2,1.72,-0.1,1.82
804,SAMPL8-5,Ethyl acetate-water,RFE-uESE-exp-2,Physical (QM),logD_SabatinoRodriguezPaluch_uESE_exp_2,2.13,0.1,2.03
805,SAMPL8-3,Ethyl acetate-water,RFE-uESE-exp-2,Physical (QM),logD_SabatinoRodriguezPaluch_uESE_exp_2,0.75,-0.8,1.55
806,SAMPL8-1,Ethyl acetate-water,RFE-uESE-exp-2,Physical (QM),logD_SabatinoRodriguezPaluch_uESE_exp_2,4.48,0.3,4.180000000000001
807,SAMPL8-5,Cyclohexane-water,RFE-uESE-exp-2,Physical (QM),logD_SabatinoRodriguezPaluch_uESE_exp_2,-0.7,-1.1,0.40000000000000013
808,SAMPL8-16,Octanol-water,RFE-uESE-exp-2,Physical (QM),logD_SabatinoRodriguezPaluch_uESE_exp_2,1.7,-0.4,2.1
809,SAMPL8-14,Octanol-water,RFE-uESE-exp-2,Physical (QM),logD_SabatinoRodriguezPaluch_uESE_exp_2,0.25,-1.0,1.25
810,SAMPL8-12,Octanol-water,RFE-uESE-exp-2,Physical (QM),logD_SabatinoRodriguezPaluch_uESE_exp_2,0.34,-0.7,1.04
811,SAMPL8-10,Octanol-water,RFE-uESE-exp-2,Physical (QM),logD_SabatinoRodriguezPaluch_uESE_exp_2,1.51,-0.6,2.11
812,SAMPL8-9,Octanol-water,RFE-uESE-exp-2,Physical (QM),logD_SabatinoRodriguezPaluch_uESE_exp_2,2.41,-0.1,2.5100000000000002
813,SAMPL8-7,Octanol-water,RFE-uESE-exp-2,Physical (QM),logD_SabatinoRodriguezPaluch_uESE_exp_2,1.09,-1.3,2.39
814,SAMPL8-6,Octanol-water,RFE-uESE-exp-2,Physical (QM),logD_SabatinoRodriguezPaluch_uESE_exp_2,-0.35,-0.4,0.050000000000000044
815,SAMPL8-5,Octanol-water,RFE-uESE-exp-2,Physical (QM),logD_SabatinoRodriguezPaluch_uESE_exp_2,-0.21,-0.5,0.29000000000000004
816,SAMPL8-1,Octanol-water,RFE-uESE-exp-2,Physical (QM),logD_SabatinoRodriguezPaluch_uESE_exp_2,1.01,0.8,0.20999999999999996
817,SAMPL8-16,Cyclohexane-DMF,RFE-uESE-exp,Physical (QM),logD_SabatinoRodriguezPaluch_uESE_exp,-2.34,-1.3,1.0399999999999998
818,SAMPL8-6,Cyclohexane-DMF,RFE-uESE-exp,Physical (QM),logD_SabatinoRodriguezPaluch_uESE_exp,-3.93,0.0,3.93
819,SAMPL8-1,Cyclohexane-DMF,RFE-uESE-exp,Physical (QM),logD_SabatinoRodriguezPaluch_uESE_exp,-1.21,-0.7,0.51
820,SAMPL8-16,TBME-water,RFE-uESE-exp,Physical (QM),logD_SabatinoRodriguezPaluch_uESE_exp,3.37,-1.2,4.57
821,SAMPL8-10,TBME-water,RFE-uESE-exp,Physical (QM),logD_SabatinoRodriguezPaluch_uESE_exp,4.61,-0.9,5.510000000000001
822,SAMPL8-6,TBME-water,RFE-uESE-exp,Physical (QM),logD_SabatinoRodriguezPaluch_uESE_exp,0.81,-0.2,1.01
823,SAMPL8-5,TBME-water,RFE-uESE-exp,Physical (QM),logD_SabatinoRodriguezPaluch_uESE_exp,1.33,0.0,1.33
824,SAMPL8-1,TBME-water,RFE-uESE-exp,Physical (QM),logD_SabatinoRodriguezPaluch_uESE_exp,3.73,0.1,3.63
825,SAMPL8-17,MEK-water,RFE-uESE-exp,Physical (QM),logD_SabatinoRodriguezPaluch_uESE_exp,5.09,-0.8,5.89
826,SAMPL8-16,MEK-water,RFE-uESE-exp,Physical (QM),logD_SabatinoRodriguezPaluch_uESE_exp,3.0,-0.3,3.3
827,SAMPL8-14,MEK-water,RFE-uESE-exp,Physical (QM),logD_SabatinoRodriguezPaluch_uESE_exp,3.6,0.1,3.5
828,SAMPL8-12,MEK-water,RFE-uESE-exp,Physical (QM),logD_SabatinoRodriguezPaluch_uESE_exp,2.92,-0.4,3.32
829,SAMPL8-10,MEK-water,RFE-uESE-exp,Physical (QM),logD_SabatinoRodriguezPaluch_uESE_exp,6.83,0.0,6.83
830,SAMPL8-9,MEK-water,RFE-uESE-exp,Physical (QM),logD_SabatinoRodriguezPaluch_uESE_exp,5.76,0.4,5.359999999999999
831,SAMPL8-7,MEK-water,RFE-uESE-exp,Physical (QM),logD_SabatinoRodriguezPaluch_uESE_exp,4.14,-0.4,4.54
832,SAMPL8-6,MEK-water,RFE-uESE-exp,Physical (QM),logD_SabatinoRodriguezPaluch_uESE_exp,2.63,-0.5,3.13
833,SAMPL8-5,MEK-water,RFE-uESE-exp,Physical (QM),logD_SabatinoRodriguezPaluch_uESE_exp,4.16,-0.4,4.5600000000000005
834,SAMPL8-3,MEK-water,RFE-uESE-exp,Physical (QM),logD_SabatinoRodriguezPaluch_uESE_exp,3.25,-0.6,3.85
835,SAMPL8-1,MEK-water,RFE-uESE-exp,Physical (QM),logD_SabatinoRodriguezPaluch_uESE_exp,3.49,-0.2,3.6900000000000004
836,SAMPL8-16,Heptane-water,RFE-uESE-exp,Physical (QM),logD_SabatinoRodriguezPaluch_uESE_exp,0.27,-1.0,1.27
837,SAMPL8-10,Heptane-water,RFE-uESE-exp,Physical (QM),logD_SabatinoRodriguezPaluch_uESE_exp,1.18,-1.0,2.1799999999999997
838,SAMPL8-5,Heptane-water,RFE-uESE-exp,Physical (QM),logD_SabatinoRodriguezPaluch_uESE_exp,-0.63,-1.2,0.57
839,SAMPL8-1,Heptane-water,RFE-uESE-exp,Physical (QM),logD_SabatinoRodriguezPaluch_uESE_exp,1.91,0.0,1.91
840,SAMPL8-17,Ethyl acetate-water,RFE-uESE-exp,Physical (QM),logD_SabatinoRodriguezPaluch_uESE_exp,4.94,-1.4,6.34
841,SAMPL8-16,Ethyl acetate-water,RFE-uESE-exp,Physical (QM),logD_SabatinoRodriguezPaluch_uESE_exp,4.4,-0.5,4.9
842,SAMPL8-14,Ethyl acetate-water,RFE-uESE-exp,Physical (QM),logD_SabatinoRodriguezPaluch_uESE_exp,3.88,-0.8,4.68
843,SAMPL8-12,Ethyl acetate-water,RFE-uESE-exp,Physical (QM),logD_SabatinoRodriguezPaluch_uESE_exp,3.32,-1.4,4.72
844,SAMPL8-10,Ethyl acetate-water,RFE-uESE-exp,Physical (QM),logD_SabatinoRodriguezPaluch_uESE_exp,5.89,0.1,5.79
845,SAMPL8-9,Ethyl acetate-water,RFE-uESE-exp,Physical (QM),logD_SabatinoRodriguezPaluch_uESE_exp,5.75,-0.8,6.55
846,SAMPL8-6,Ethyl acetate-water,RFE-uESE-exp,Physical (QM),logD_SabatinoRodriguezPaluch_uESE_exp,1.72,-0.1,1.82
847,SAMPL8-5,Ethyl acetate-water,RFE-uESE-exp,Physical (QM),logD_SabatinoRodriguezPaluch_uESE_exp,2.13,0.1,2.03
848,SAMPL8-3,Ethyl acetate-water,RFE-uESE-exp,Physical (QM),logD_SabatinoRodriguezPaluch_uESE_exp,0.75,-0.8,1.55
849,SAMPL8-1,Ethyl acetate-water,RFE-uESE-exp,Physical (QM),logD_SabatinoRodriguezPaluch_uESE_exp,4.48,0.3,4.180000000000001
850,SAMPL8-5,Cyclohexane-water,RFE-uESE-exp,Physical (QM),logD_SabatinoRodriguezPaluch_uESE_exp,-0.7,-1.1,0.40000000000000013
851,SAMPL8-16,Octanol-water,RFE-uESE-exp,Physical (QM),logD_SabatinoRodriguezPaluch_uESE_exp,1.7,-0.4,2.1
852,SAMPL8-14,Octanol-water,RFE-uESE-exp,Physical (QM),logD_SabatinoRodriguezPaluch_uESE_exp,0.25,-1.0,1.25
853,SAMPL8-12,Octanol-water,RFE-uESE-exp,Physical (QM),logD_SabatinoRodriguezPaluch_uESE_exp,0.34,-0.7,1.04
854,SAMPL8-10,Octanol-water,RFE-uESE-exp,Physical (QM),logD_SabatinoRodriguezPaluch_uESE_exp,1.51,-0.6,2.11
855,SAMPL8-9,Octanol-water,RFE-uESE-exp,Physical (QM),logD_SabatinoRodriguezPaluch_uESE_exp,2.41,-0.1,2.5100000000000002
856,SAMPL8-7,Octanol-water,RFE-uESE-exp,Physical (QM),logD_SabatinoRodriguezPaluch_uESE_exp,1.09,-1.3,2.39
857,SAMPL8-6,Octanol-water,RFE-uESE-exp,Physical (QM),logD_SabatinoRodriguezPaluch_uESE_exp,-0.35,-0.4,0.050000000000000044
858,SAMPL8-5,Octanol-water,RFE-uESE-exp,Physical (QM),logD_SabatinoRodriguezPaluch_uESE_exp,-0.21,-0.5,0.29000000000000004
859,SAMPL8-1,Octanol-water,RFE-uESE-exp,Physical (QM),logD_SabatinoRodriguezPaluch_uESE_exp,1.01,0.8,0.20999999999999996
